-- MySQL dump 10.13  Distrib 5.5.54, for Win64 (AMD64)
--
-- Host: localhost    Database: lfc
-- ------------------------------------------------------
-- Server version	5.5.54-log

/*!40101 SET @OLD_CHARACTER_SET_CLIENT=@@CHARACTER_SET_CLIENT */;
/*!40101 SET @OLD_CHARACTER_SET_RESULTS=@@CHARACTER_SET_RESULTS */;
/*!40101 SET @OLD_COLLATION_CONNECTION=@@COLLATION_CONNECTION */;
/*!40101 SET NAMES utf8 */;
/*!40103 SET @OLD_TIME_ZONE=@@TIME_ZONE */;
/*!40103 SET TIME_ZONE='+00:00' */;
/*!40014 SET @OLD_UNIQUE_CHECKS=@@UNIQUE_CHECKS, UNIQUE_CHECKS=0 */;
/*!40014 SET @OLD_FOREIGN_KEY_CHECKS=@@FOREIGN_KEY_CHECKS, FOREIGN_KEY_CHECKS=0 */;
/*!40101 SET @OLD_SQL_MODE=@@SQL_MODE, SQL_MODE='NO_AUTO_VALUE_ON_ZERO' */;
/*!40111 SET @OLD_SQL_NOTES=@@SQL_NOTES, SQL_NOTES=0 */;

--
-- Table structure for table `board`
--

DROP TABLE IF EXISTS `board`;
/*!40101 SET @saved_cs_client     = @@character_set_client */;
/*!40101 SET character_set_client = utf8 */;
CREATE TABLE `board` (
  `B_NO` varchar(10) NOT NULL,
  `B_TYPE` char(2) NOT NULL,
  `TITLE` varchar(150) NOT NULL,
  `CONTENT` varchar(2000) DEFAULT NULL,
  `REG_DT` char(20) NOT NULL,
  `REG_USER_ID` varchar(15) NOT NULL,
  PRIMARY KEY (`B_NO`),
  UNIQUE KEY `BOARD_PK` (`B_NO`)
) ENGINE=InnoDB DEFAULT CHARSET=utf8;
/*!40101 SET character_set_client = @saved_cs_client */;

--
-- Dumping data for table `board`
--

LOCK TABLES `board` WRITE;
/*!40000 ALTER TABLE `board` DISABLE KEYS */;
/*!40000 ALTER TABLE `board` ENABLE KEYS */;
UNLOCK TABLES;

--
-- Table structure for table `board_attach`
--

DROP TABLE IF EXISTS `board_attach`;
/*!40101 SET @saved_cs_client     = @@character_set_client */;
/*!40101 SET character_set_client = utf8 */;
CREATE TABLE `board_attach` (
  `B_NO` varchar(10) NOT NULL DEFAULT '',
  `FILE_INNB` varchar(10) NOT NULL DEFAULT '',
  `FILE_PATHE` varchar(200) DEFAULT NULL,
  `FILE_NM` varchar(100) DEFAULT NULL,
  `DELETE_YN` char(1) DEFAULT NULL,
  `REG_DT` char(20) DEFAULT NULL,
  `REG_USER_ID` varchar(20) DEFAULT NULL,
  PRIMARY KEY (`B_NO`,`FILE_INNB`),
  UNIQUE KEY `BOARD_ATTACH_PK` (`B_NO`,`FILE_INNB`)
) ENGINE=InnoDB DEFAULT CHARSET=utf8;
/*!40101 SET character_set_client = @saved_cs_client */;

--
-- Dumping data for table `board_attach`
--

LOCK TABLES `board_attach` WRITE;
/*!40000 ALTER TABLE `board_attach` DISABLE KEYS */;
/*!40000 ALTER TABLE `board_attach` ENABLE KEYS */;
UNLOCK TABLES;

--
-- Table structure for table `car_info`
--

DROP TABLE IF EXISTS `car_info`;
/*!40101 SET @saved_cs_client     = @@character_set_client */;
/*!40101 SET character_set_client = utf8 */;
CREATE TABLE `car_info` (
  `INFO_CD` int(9) NOT NULL,
  `INFO_CD_NM` varchar(50) NOT NULL,
  `P_INFO_CD` int(9) DEFAULT NULL,
  `GRP_DIV` varchar(15) DEFAULT NULL,
  `SORT` int(9) DEFAULT NULL,
  PRIMARY KEY (`INFO_CD`),
  UNIQUE KEY `CAR_INFO_PK` (`INFO_CD`)
) ENGINE=InnoDB DEFAULT CHARSET=utf8;
/*!40101 SET character_set_client = @saved_cs_client */;

--
-- Dumping data for table `car_info`
--

LOCK TABLES `car_info` WRITE;
/*!40000 ALTER TABLE `car_info` DISABLE KEYS */;
/*!40000 ALTER TABLE `car_info` ENABLE KEYS */;
UNLOCK TABLES;

--
-- Table structure for table `car_model_info`
--

DROP TABLE IF EXISTS `car_model_info`;
/*!40101 SET @saved_cs_client     = @@character_set_client */;
/*!40101 SET character_set_client = utf8 */;
CREATE TABLE `car_model_info` (
  `CAR_COMP` varchar(20) NOT NULL,
  `MODEL_CODE` varchar(20) NOT NULL,
  `MODEL_NM` varchar(50) NOT NULL,
  `CAR_KIND` varchar(20) DEFAULT NULL,
  `CAR_OUTLINE` varchar(20) DEFAULT NULL,
  `CAR_FURE` varchar(20) DEFAULT NULL,
  `CAR_MSN` varchar(20) DEFAULT NULL,
  PRIMARY KEY (`CAR_COMP`,`MODEL_CODE`),
  UNIQUE KEY `CAR_MODEL_INFO_PK` (`CAR_COMP`,`MODEL_CODE`)
) ENGINE=InnoDB DEFAULT CHARSET=utf8;
/*!40101 SET character_set_client = @saved_cs_client */;

--
-- Dumping data for table `car_model_info`
--

LOCK TABLES `car_model_info` WRITE;
/*!40000 ALTER TABLE `car_model_info` DISABLE KEYS */;
INSERT INTO `car_model_info` VALUES ('CAR_COMP_00','C0001','아반떼','CAR_KIND_2','CAR_OUTLINE_0','D','A'),('CAR_COMP_00','C0002','아반떼','CAR_KIND_2','CAR_OUTLINE_0','G','A'),('CAR_COMP_00','C0003','아반떼','CAR_KIND_2','CAR_OUTLINE_0','L','A'),('CAR_COMP_00','C0004','아반떼','CAR_KIND_2','CAR_OUTLINE_0','H0','A'),('CAR_COMP_01','C0000','테스트모델','CAR_KIND_0','CAR_OUTLINE_0','D','A');
/*!40000 ALTER TABLE `car_model_info` ENABLE KEYS */;
UNLOCK TABLES;

--
-- Table structure for table `car_pic`
--

DROP TABLE IF EXISTS `car_pic`;
/*!40101 SET @saved_cs_client     = @@character_set_client */;
/*!40101 SET character_set_client = utf8 */;
CREATE TABLE `car_pic` (
  `SELL_CAR_INNB` varchar(10) NOT NULL DEFAULT '',
  `PIC_INNB` varchar(10) NOT NULL DEFAULT '',
  `FILE_PATH` varchar(200) DEFAULT NULL,
  `FILE_NM` varchar(100) DEFAULT NULL,
  `DELETE_YN` char(1) DEFAULT NULL,
  `REG_DT` char(20) DEFAULT NULL,
  `REG_USER_ID` varchar(20) DEFAULT NULL,
  PRIMARY KEY (`SELL_CAR_INNB`,`PIC_INNB`),
  UNIQUE KEY `CAR_PIC_PK` (`SELL_CAR_INNB`,`PIC_INNB`)
) ENGINE=InnoDB DEFAULT CHARSET=utf8;
/*!40101 SET character_set_client = @saved_cs_client */;

--
-- Dumping data for table `car_pic`
--

LOCK TABLES `car_pic` WRITE;
/*!40000 ALTER TABLE `car_pic` DISABLE KEYS */;
/*!40000 ALTER TABLE `car_pic` ENABLE KEYS */;
UNLOCK TABLES;

--
-- Table structure for table `cmmn_code`
--

DROP TABLE IF EXISTS `cmmn_code`;
/*!40101 SET @saved_cs_client     = @@character_set_client */;
/*!40101 SET character_set_client = utf8 */;
CREATE TABLE `cmmn_code` (
  `PARENT_CODE` varchar(20) NOT NULL,
  `CODE` varchar(20) NOT NULL,
  `CODE_NM` varchar(60) DEFAULT NULL,
  `CODE_DC` varchar(200) DEFAULT NULL,
  `USE_AT` char(1) DEFAULT NULL,
  `SORT` int(3) DEFAULT NULL,
  `FRST_REGIST_DT` datetime DEFAULT NULL,
  `FRST_REGISTER` varchar(20) DEFAULT NULL,
  `LAST_REGIST_DT` datetime DEFAULT NULL,
  `LAST_REGISTER` varchar(20) DEFAULT NULL,
  `GRP_CODE` varchar(20) DEFAULT NULL,
  PRIMARY KEY (`PARENT_CODE`,`CODE`),
  UNIQUE KEY `CMMN_CODE_PK` (`PARENT_CODE`,`CODE`)
) ENGINE=InnoDB DEFAULT CHARSET=utf8;
/*!40101 SET character_set_client = @saved_cs_client */;

--
-- Dumping data for table `cmmn_code`
--

LOCK TABLES `cmmn_code` WRITE;
/*!40000 ALTER TABLE `cmmn_code` DISABLE KEYS */;
INSERT INTO `cmmn_code` VALUES ('','CAR_MSN','자동차 미션구분','자동차 미션구분코드','Y',0,NULL,NULL,NULL,NULL,'CAR'),('CAR_COMP','CAR_COMP_EXTER','외제차','외국제조사','Y',1,NULL,NULL,NULL,NULL,'CAR'),('CAR_COMP','CAR_COMP_INTER','국내차','국내제조사','Y',0,NULL,NULL,NULL,NULL,'CAR'),('CAR_COMP_EXTER','CAR_COMP_05','제네시스','제네시스','Y',5,NULL,NULL,NULL,NULL,'CAR'),('CAR_COMP_EXTER','CAR_COMP_06','벤츠','벤츠','Y',6,NULL,NULL,NULL,NULL,'CAR'),('CAR_COMP_EXTER','CAR_COMP_07','BMW','BMW','Y',7,NULL,NULL,NULL,NULL,'CAR'),('CAR_COMP_EXTER','CAR_COMP_08','아우디','아우디','Y',8,NULL,NULL,NULL,NULL,'CAR'),('CAR_COMP_EXTER','CAR_COMP_09','폭스바겐','폭스바겐','Y',9,NULL,NULL,NULL,NULL,'CAR'),('CAR_COMP_EXTER','CAR_COMP_10','포드','포드','Y',10,NULL,NULL,NULL,NULL,'CAR'),('CAR_COMP_EXTER','CAR_COMP_11','랜드로버','랜드로버','Y',11,NULL,NULL,NULL,NULL,'CAR'),('CAR_COMP_EXTER','CAR_COMP_12','렉서스','렉서스','Y',12,NULL,NULL,NULL,NULL,'CAR'),('CAR_COMP_EXTER','CAR_COMP_13','토요타','토요타','Y',13,NULL,NULL,NULL,NULL,'CAR'),('CAR_COMP_EXTER','CAR_COMP_14','미니','미니','Y',14,NULL,NULL,NULL,NULL,'CAR'),('CAR_COMP_EXTER','CAR_COMP_15','혼다','혼다','Y',15,NULL,NULL,NULL,NULL,'CAR'),('CAR_COMP_EXTER','CAR_COMP_16','크라이슬러','크라이슬러','Y',16,NULL,NULL,NULL,NULL,'CAR'),('CAR_COMP_EXTER','CAR_COMP_17','닛산','닛산','Y',17,NULL,NULL,NULL,NULL,'CAR'),('CAR_COMP_EXTER','CAR_COMP_18','볼보','볼보','Y',18,NULL,NULL,NULL,NULL,'CAR'),('CAR_COMP_EXTER','CAR_COMP_19','재규어','재규어','Y',19,NULL,NULL,NULL,NULL,'CAR'),('CAR_COMP_EXTER','CAR_COMP_20','푸조','푸조','Y',20,NULL,NULL,NULL,NULL,'CAR'),('CAR_COMP_EXTER','CAR_COMP_21','인피니티','인피니티','Y',21,NULL,NULL,NULL,NULL,'CAR'),('CAR_COMP_EXTER','CAR_COMP_22','포르쉐','포르쉐','Y',22,NULL,NULL,NULL,NULL,'CAR'),('CAR_COMP_EXTER','CAR_COMP_23','캐딜락','캐딜락','Y',23,NULL,NULL,NULL,NULL,'CAR'),('CAR_COMP_EXTER','CAR_COMP_24','시트로엥','시트로엥','Y',24,NULL,NULL,NULL,NULL,'CAR'),('CAR_COMP_EXTER','CAR_COMP_25','피아트','피아트','Y',25,NULL,NULL,NULL,NULL,'CAR'),('CAR_COMP_EXTER','CAR_COMP_26','벤틀리','벤틀리','Y',26,NULL,NULL,NULL,NULL,'CAR'),('CAR_COMP_EXTER','CAR_COMP_27','롤스로이스','롤스로이스','Y',27,NULL,NULL,NULL,NULL,'CAR'),('CAR_COMP_EXTER','CAR_COMP_28','람보르기니','람보르기니','Y',28,NULL,NULL,NULL,NULL,'CAR'),('CAR_COMP_EXTER','CAR_COMP_29','페라리','페라리','Y',29,NULL,NULL,NULL,NULL,'CAR'),('CAR_COMP_EXTER','CAR_COMP_30','닷지','닷지','Y',30,NULL,NULL,NULL,NULL,'CAR'),('CAR_COMP_EXTER','CAR_COMP_31','로터스','로터스','Y',31,NULL,NULL,NULL,NULL,'CAR'),('CAR_COMP_EXTER','CAR_COMP_32','르노','르노','Y',32,NULL,NULL,NULL,NULL,'CAR'),('CAR_COMP_EXTER','CAR_COMP_33','링컨','링컨','Y',33,NULL,NULL,NULL,NULL,'CAR'),('CAR_COMP_EXTER','CAR_COMP_34','마이바흐','마이바흐','Y',34,NULL,NULL,NULL,NULL,'CAR'),('CAR_COMP_EXTER','CAR_COMP_35','마쯔다','마쯔다','Y',35,NULL,NULL,NULL,NULL,'CAR'),('CAR_COMP_EXTER','CAR_COMP_36','머큐리','머큐리','Y',36,NULL,NULL,NULL,NULL,'CAR'),('CAR_COMP_EXTER','CAR_COMP_37','미쓰비시','미쓰비시','Y',37,NULL,NULL,NULL,NULL,'CAR'),('CAR_COMP_EXTER','CAR_COMP_38','뷰익','뷰익','Y',38,NULL,NULL,NULL,NULL,'CAR'),('CAR_COMP_EXTER','CAR_COMP_39','사브','사브','Y',39,NULL,NULL,NULL,NULL,'CAR'),('CAR_COMP_EXTER','CAR_COMP_40','사이언','사이언','Y',40,NULL,NULL,NULL,NULL,'CAR'),('CAR_COMP_EXTER','CAR_COMP_41','새턴','새턴','Y',41,NULL,NULL,NULL,NULL,'CAR'),('CAR_COMP_EXTER','CAR_COMP_42','스마트','스마트','Y',42,NULL,NULL,NULL,NULL,'CAR'),('CAR_COMP_EXTER','CAR_COMP_43','스바루','스바루','Y',43,NULL,NULL,NULL,NULL,'CAR'),('CAR_COMP_EXTER','CAR_COMP_44','스즈키','스즈키','Y',44,NULL,NULL,NULL,NULL,'CAR'),('CAR_COMP_EXTER','CAR_COMP_45','스코다','스코다','Y',45,NULL,NULL,NULL,NULL,'CAR'),('CAR_COMP_EXTER','CAR_COMP_46','알파로메오','알파로메오','Y',46,NULL,NULL,NULL,NULL,'CAR'),('CAR_COMP_EXTER','CAR_COMP_47','애스턴마틴','애스턴마틴','Y',47,NULL,NULL,NULL,NULL,'CAR'),('CAR_COMP_EXTER','CAR_COMP_48','어큐라','어큐라','Y',48,NULL,NULL,NULL,NULL,'CAR'),('CAR_COMP_EXTER','CAR_COMP_49','지프','지프','Y',49,NULL,NULL,NULL,NULL,'CAR'),('CAR_COMP_EXTER','CAR_COMP_50','코닉세그','코닉세그','Y',50,NULL,NULL,NULL,NULL,'CAR'),('CAR_COMP_EXTER','CAR_COMP_51','파가니','파가니','Y',51,NULL,NULL,NULL,NULL,'CAR'),('CAR_COMP_EXTER','CAR_COMP_52','폰티악','폰티악','Y',52,NULL,NULL,NULL,NULL,'CAR'),('CAR_COMP_EXTER','CAR_COMP_53','허머','허머','Y',53,NULL,NULL,NULL,NULL,'CAR'),('CAR_COMP_EXTER','CAR_COMP_54','홀덴','홀덴','Y',54,NULL,NULL,NULL,NULL,'CAR'),('CAR_COMP_EXTER','CAR_COMP_55','마세라티','마세라티','Y',55,NULL,NULL,NULL,NULL,'CAR'),('CAR_COMP_EXTER','CAR_COMP_56','GMC','GMC','Y',56,NULL,NULL,NULL,NULL,'CAR'),('CAR_COMP_EXTER','CAR_COMP_57','Great Wall','Great Wall','Y',57,NULL,NULL,NULL,NULL,'CAR'),('CAR_COMP_EXTER','CAR_COMP_58','RUF','RUF','Y',58,NULL,NULL,NULL,NULL,'CAR'),('CAR_COMP_EXTER','CAR_COMP_59','W모터스','W모터스','Y',59,NULL,NULL,NULL,NULL,'CAR'),('CAR_COMP_EXTER','CAR_COMP_60','국제차량제작','국제차량제작','Y',60,NULL,NULL,NULL,NULL,'CAR'),('CAR_COMP_EXTER','CAR_COMP_61','다이하쓰','다이하쓰','Y',61,NULL,NULL,NULL,NULL,'CAR'),('CAR_COMP_EXTER','CAR_COMP_62','다치아','다치아','Y',62,NULL,NULL,NULL,NULL,'CAR'),('CAR_COMP_EXTER','CAR_COMP_63','돈커부트','돈커부트','Y',63,NULL,NULL,NULL,NULL,'CAR'),('CAR_COMP_EXTER','CAR_COMP_64','드로리언','드로리언','Y',64,NULL,NULL,NULL,NULL,'CAR'),('CAR_COMP_EXTER','CAR_COMP_65','란치아','란치아','Y',65,NULL,NULL,NULL,NULL,'CAR'),('CAR_COMP_EXTER','CAR_COMP_66','마러시아','마러시아','Y',66,NULL,NULL,NULL,NULL,'CAR'),('CAR_COMP_EXTER','CAR_COMP_67','마잔티','마잔티','Y',67,NULL,NULL,NULL,NULL,'CAR'),('CAR_COMP_EXTER','CAR_COMP_68','마힌드라','마힌드라','Y',68,NULL,NULL,NULL,NULL,'CAR'),('CAR_COMP_EXTER','CAR_COMP_69','맥라렌','맥라렌','Y',69,NULL,NULL,NULL,NULL,'CAR'),('CAR_COMP_EXTER','CAR_COMP_70','모건','모건','Y',70,NULL,NULL,NULL,NULL,'CAR'),('CAR_COMP_EXTER','CAR_COMP_71','미아일렉트릭','미아일렉트릭','Y',71,NULL,NULL,NULL,NULL,'CAR'),('CAR_COMP_EXTER','CAR_COMP_72','미쯔오카','미쯔오카','Y',72,NULL,NULL,NULL,NULL,'CAR'),('CAR_COMP_EXTER','CAR_COMP_73','복스홀','복스홀','Y',73,NULL,NULL,NULL,NULL,'CAR'),('CAR_COMP_EXTER','CAR_COMP_74','부가티','부가티','Y',74,NULL,NULL,NULL,NULL,'CAR'),('CAR_COMP_EXTER','CAR_COMP_75','북기은상','북기은상','Y',75,NULL,NULL,NULL,NULL,'CAR'),('CAR_COMP_EXTER','CAR_COMP_76','살린','살린','Y',76,NULL,NULL,NULL,NULL,'CAR'),('CAR_COMP_EXTER','CAR_COMP_77','세아트','세아트','Y',77,NULL,NULL,NULL,NULL,'CAR'),('CAR_COMP_EXTER','CAR_COMP_78','쉘비','쉘비','Y',78,NULL,NULL,NULL,NULL,'CAR'),('CAR_COMP_EXTER','CAR_COMP_79','쉘비슈퍼카','쉘비슈퍼카','Y',79,NULL,NULL,NULL,NULL,'CAR'),('CAR_COMP_EXTER','CAR_COMP_80','스파이커','스파이커','Y',80,NULL,NULL,NULL,NULL,'CAR'),('CAR_COMP_EXTER','CAR_COMP_81','스피라','스피라','Y',81,NULL,NULL,NULL,NULL,'CAR'),('CAR_COMP_EXTER','CAR_COMP_82','아바쓰','아바쓰','Y',82,NULL,NULL,NULL,NULL,'CAR'),('CAR_COMP_EXTER','CAR_COMP_83','아브토바즈','아브토바즈','Y',83,NULL,NULL,NULL,NULL,'CAR'),('CAR_COMP_EXTER','CAR_COMP_84','알피나','알피나','Y',84,NULL,NULL,NULL,NULL,'CAR'),('CAR_COMP_EXTER','CAR_COMP_85','에쿠스 오토모티브','에쿠스 오토모티브','Y',85,NULL,NULL,NULL,NULL,'CAR'),('CAR_COMP_EXTER','CAR_COMP_86','엘레멘탈','엘레멘탈','Y',86,NULL,NULL,NULL,NULL,'CAR'),('CAR_COMP_EXTER','CAR_COMP_87','오펠','오펠','Y',87,NULL,NULL,NULL,NULL,'CAR'),('CAR_COMP_EXTER','CAR_COMP_88','이스즈','이스즈','Y',88,NULL,NULL,NULL,NULL,'CAR'),('CAR_COMP_EXTER','CAR_COMP_89','장링','장링','Y',89,NULL,NULL,NULL,NULL,'CAR'),('CAR_COMP_EXTER','CAR_COMP_90','젠보','젠보','Y',90,NULL,NULL,NULL,NULL,'CAR'),('CAR_COMP_EXTER','CAR_COMP_91','카르마 오토모티브','카르마 오토모티브','Y',91,NULL,NULL,NULL,NULL,'CAR'),('CAR_COMP_EXTER','CAR_COMP_92','칼슨','칼슨','Y',92,NULL,NULL,NULL,NULL,'CAR'),('CAR_COMP_EXTER','CAR_COMP_93','케이터햄','케이터햄','Y',93,NULL,NULL,NULL,NULL,'CAR'),('CAR_COMP_EXTER','CAR_COMP_94','쿠오로스','쿠오로스','Y',94,NULL,NULL,NULL,NULL,'CAR'),('CAR_COMP_EXTER','CAR_COMP_95','타타','타타','Y',95,NULL,NULL,NULL,NULL,'CAR'),('CAR_COMP_EXTER','CAR_COMP_96','테슬라','테슬라','Y',96,NULL,NULL,NULL,NULL,'CAR'),('CAR_COMP_EXTER','CAR_COMP_97','포톤','포톤','Y',97,NULL,NULL,NULL,NULL,'CAR'),('CAR_COMP_EXTER','CAR_COMP_98','한국지엠','한국지엠','Y',98,NULL,NULL,NULL,NULL,'CAR'),('CAR_COMP_EXTER','CAR_COMP_99','헤네시','헤네시','Y',99,NULL,NULL,NULL,NULL,'CAR'),('CAR_COMP_INTER','CAR_COMP_00','현대자동차','현대자동차','Y',0,NULL,NULL,NULL,NULL,'CAR'),('CAR_COMP_INTER','CAR_COMP_01','기아자동차','기아자동차','Y',1,NULL,NULL,NULL,NULL,'CAR'),('CAR_COMP_INTER','CAR_COMP_02','쉐보레','쉐보레','Y',2,NULL,NULL,NULL,NULL,'CAR'),('CAR_COMP_INTER','CAR_COMP_03','르노삼성','르노삼성','Y',3,NULL,NULL,NULL,NULL,'CAR'),('CAR_COMP_INTER','CAR_COMP_04','쌍용자동차','쌍용자동차','Y',4,NULL,NULL,NULL,NULL,'CAR'),('CAR_FURE','D','디젤','디젤','Y',0,NULL,NULL,NULL,NULL,'CAR'),('CAR_FURE','E','전기','','Y',4,NULL,NULL,NULL,NULL,'CAR'),('CAR_FURE','G','가솔린','','Y',1,NULL,NULL,NULL,NULL,'CAR'),('CAR_FURE','H0','하이브리드','하이브리드','Y',3,NULL,NULL,NULL,NULL,'CAR'),('CAR_FURE','H1','수소','수소','Y',5,NULL,NULL,NULL,NULL,'CAR'),('CAR_FURE','L','LPG','LPG','Y',2,NULL,NULL,NULL,NULL,'CAR'),('CAR_KIND','CAR_KIND_0','경형','경차','Y',0,NULL,NULL,NULL,NULL,'CAR'),('CAR_KIND','CAR_KIND_1','소형','소형차','Y',1,NULL,NULL,NULL,NULL,'CAR'),('CAR_KIND','CAR_KIND_2','준중형','준중형차','Y',2,NULL,NULL,NULL,NULL,'CAR'),('CAR_KIND','CAR_KIND_3','중형','중형차','Y',3,NULL,NULL,NULL,NULL,'CAR'),('CAR_KIND','CAR_KIND_4','대형','대형차','Y',4,NULL,NULL,NULL,NULL,'CAR'),('CAR_KIND','CAR_KIND_5','스포츠카','스포츠카','Y',5,NULL,NULL,NULL,NULL,'CAR'),('CAR_MSN','A','오토','오토미션','Y',0,NULL,NULL,NULL,NULL,'CAR'),('CAR_MSN','B','수동','수동미션','Y',1,NULL,NULL,NULL,NULL,'CAR'),('CAR_OUTLINE','CAR_OUTLINE_0','세단','세단','Y',0,NULL,NULL,NULL,NULL,'CAR'),('CAR_OUTLINE','CAR_OUTLINE_1','왜건','왜건','Y',1,NULL,NULL,NULL,NULL,'CAR'),('CAR_OUTLINE','CAR_OUTLINE_2','해치백','해치백','Y',2,NULL,NULL,NULL,NULL,'CAR'),('CAR_OUTLINE','CAR_OUTLINE_3','SUV','SUV','Y',3,NULL,NULL,NULL,NULL,'CAR'),('CAR_OUTLINE','CAR_OUTLINE_4','컨버터블','컨버터블','Y',4,NULL,NULL,NULL,NULL,'CAR'),('CAR_OUTLINE','CAR_OUTLINE_5','RV','RV','Y',5,NULL,NULL,NULL,NULL,'CAR'),('CAR_OUTLINE','CAR_OUTLINE_6','쿠페','쿠페','Y',6,NULL,NULL,NULL,NULL,'CAR'),('CAR_OUTLINE','CAR_OUTLINE_7','벤','벤','Y',7,NULL,NULL,NULL,NULL,'CAR'),('CAR_OUTLINE','CAR_OUTLINE_8','트럭','트럭','Y',8,NULL,NULL,NULL,NULL,'CAR'),('CAR_OUTLINE','CAR_OUTLINE_9','기타','기타','Y',9,NULL,NULL,NULL,NULL,'CAR'),('PRK_CELL_TYPE','P0','기본','기본영역(주차장)','Y',0,NULL,NULL,NULL,NULL,NULL),('PRK_CELL_TYPE','P1','소유','소유하고있는영역','Y',1,NULL,NULL,NULL,NULL,NULL),('PRK_CELL_TYPE','P2','미소유','소유하지않은영역','Y',2,NULL,NULL,NULL,NULL,NULL),('PRK_CELL_TYPE','P3','타겟영역','조회타겟영역','Y',3,NULL,NULL,NULL,NULL,NULL),('PRK_CELL_TYPE','P4','엘리베이터','엘리베이터영역','Y',4,NULL,NULL,NULL,NULL,NULL),('PRK_CELL_TYPE','P5','기타','기타영역','Y',5,NULL,NULL,NULL,NULL,NULL),('ROOT','CAR_COMP','제조사구분','제조사구분(국내/해외)','Y',0,NULL,NULL,NULL,NULL,'CAR'),('ROOT','CAR_FURE','연료구분','차량 연료 구분','Y',0,NULL,NULL,NULL,NULL,'CAR'),('ROOT','CAR_KIND','차종','차의 종류','Y',0,NULL,NULL,NULL,NULL,'CAR'),('ROOT','CAR_MODEL','차모델','차모델코드',NULL,0,NULL,NULL,NULL,NULL,'CAR'),('ROOT','CAR_OUTLINE','외형','자동차의 외형','Y',0,NULL,NULL,NULL,NULL,'CAR'),('ROOT','PRK_CELL_TYPE','주차장 CELL 구분','주차장 표시영역 구분코드','Y',2,NULL,NULL,NULL,NULL,NULL),('ROOT','TEST','테스트','테스트','Y',0,NULL,NULL,NULL,NULL,'CAR'),('ROOT','TEST_2','테스트2','ㅋㅋㅋ','Y',0,NULL,NULL,NULL,NULL,'CAR'),('ROOT','TEST_22','테스트2','ㅌㅌㅌㅌ','N',0,NULL,NULL,NULL,NULL,'CAR'),('ROOT','TEST_CODE','테스트코드','테스트코드입니다.','Y',0,NULL,NULL,NULL,NULL,'CAR'),('ROOT','USER_TYPE','사용자구분','사용자구분','Y',1,NULL,NULL,NULL,NULL,NULL),('ROOT','USE_AT','사용여부','사용여부(Y/N)','Y',0,NULL,NULL,NULL,NULL,NULL),('USER_TYPE','1','일반사용자','기본 사용자','Y',0,NULL,NULL,NULL,NULL,NULL),('USER_TYPE','2','고급사용자','고급사용자','Y',1,NULL,NULL,NULL,NULL,NULL),('USER_TYPE','3','업무관리자','업무관리자','Y',2,NULL,NULL,NULL,NULL,NULL),('USER_TYPE','8','운영관리자','운영관리자','Y',3,NULL,NULL,NULL,NULL,NULL),('USER_TYPE','9','최고관리자','최고관리자','Y',4,NULL,NULL,NULL,NULL,NULL),('USE_AT','N','사용안함','사용안함','Y',1,NULL,NULL,NULL,NULL,NULL),('USE_AT','Y','사용','사용','Y',0,NULL,NULL,NULL,NULL,NULL);
/*!40000 ALTER TABLE `cmmn_code` ENABLE KEYS */;
UNLOCK TABLES;

--
-- Table structure for table `menu_info`
--

DROP TABLE IF EXISTS `menu_info`;
/*!40101 SET @saved_cs_client     = @@character_set_client */;
/*!40101 SET character_set_client = utf8 */;
CREATE TABLE `menu_info` (
  `MENU_ID` char(8) NOT NULL,
  `MENU_DIV` char(2) DEFAULT NULL,
  `MENU_NM` varchar(40) DEFAULT NULL,
  `MENU_KIND_CD` char(2) DEFAULT NULL,
  `MENU_PID` char(8) DEFAULT NULL,
  `MENU_URL` varchar(100) DEFAULT NULL,
  `MENU_IMG1` varchar(100) DEFAULT NULL,
  `MENU_IMG2` varchar(100) DEFAULT NULL,
  `MENU_ICON` varchar(20) DEFAULT NULL,
  `SORT` int(3) DEFAULT NULL,
  `USE_AUTH` int(4) DEFAULT '15',
  `USE_AT` char(1) DEFAULT NULL,
  `REG_DT` char(20) DEFAULT NULL,
  `REG_USER_ID` varchar(20) DEFAULT NULL,
  PRIMARY KEY (`MENU_ID`),
  UNIQUE KEY `MENU_INFO_PK` (`MENU_ID`)
) ENGINE=InnoDB DEFAULT CHARSET=utf8;
/*!40101 SET character_set_client = @saved_cs_client */;

--
-- Dumping data for table `menu_info`
--

LOCK TABLES `menu_info` WRITE;
/*!40000 ALTER TABLE `menu_info` DISABLE KEYS */;
INSERT INTO `menu_info` VALUES ('M0000',NULL,'HOME','',NULL,'/index.do',NULL,NULL,'home',0,15,'Y',NULL,NULL),('M0001',NULL,'정보조회',NULL,NULL,NULL,NULL,NULL,NULL,1,15,'Y',NULL,NULL),('M0002',NULL,'정보관리',NULL,NULL,NULL,NULL,NULL,NULL,4,15,'Y',NULL,NULL),('M0003',NULL,'게시판',NULL,NULL,NULL,NULL,NULL,NULL,7,15,'Y',NULL,NULL),('M0004',NULL,'운영관리',NULL,NULL,NULL,NULL,NULL,NULL,10,15,'Y',NULL,NULL),('M0009',NULL,'공지사항',NULL,'M0003',NULL,NULL,NULL,NULL,8,15,'Y',NULL,NULL),('M0010',NULL,'문의사항',NULL,'M0003',NULL,NULL,NULL,NULL,9,15,'Y',NULL,NULL),('M0011',NULL,'사용자관리',NULL,'M0004',NULL,NULL,NULL,NULL,11,15,'Y',NULL,NULL),('M0012',NULL,'메뉴관리',NULL,'M0004','/mgr/mgr0001/menuList.do',NULL,NULL,NULL,12,15,'Y',NULL,NULL),('M0020',NULL,'차량조회',NULL,'M0001','','','','',2,15,'Y',NULL,NULL),('M0021',NULL,'차량정보관리',NULL,'M0002','/mgr/mgr0004/MGR0004$List.do','','','',5,15,'Y',NULL,NULL),('M0023',NULL,'주차정보관리',NULL,'M0002','/prk/prk0002/parkingMgrMain.do','','','',6,15,'Y',NULL,NULL),('M0024',NULL,'주차조회',NULL,'M0001','/prk/prk0001/parkingListMain.do','','','',3,15,'Y',NULL,NULL),('M0027',NULL,'공통코드관리',NULL,'M0004','/mgr/mgr0002/codeList.do','','','',13,15,'Y',NULL,NULL),('M0028',NULL,'차량코드관리',NULL,'M0004','','','','',14,15,'Y',NULL,NULL),('M0033',NULL,'속성코드관리',NULL,'M0028','/mgr/mgr0005/MGR0005$List.do','','','',15,15,'Y',NULL,NULL),('M0034',NULL,'모델코드관리',NULL,'M0028','/mgr/mgr0006/MGR0006$List.do','','','',16,15,'Y',NULL,NULL);
/*!40000 ALTER TABLE `menu_info` ENABLE KEYS */;
UNLOCK TABLES;

--
-- Table structure for table `prkplce_cell_mng`
--

DROP TABLE IF EXISTS `prkplce_cell_mng`;
/*!40101 SET @saved_cs_client     = @@character_set_client */;
/*!40101 SET character_set_client = utf8 */;
CREATE TABLE `prkplce_cell_mng` (
  `PRKPLCE_CODE` varchar(6) NOT NULL,
  `PRKPLCE_FLR_CODE` varchar(6) NOT NULL,
  `CELL_MAPNG_ID` varchar(50) NOT NULL,
  `CELL_TYPE` varchar(15) NOT NULL,
  `STYLE_CLS` varchar(150) DEFAULT NULL,
  `SALE_CAR_INNB` varchar(10) DEFAULT NULL,
  `X` varchar(15) DEFAULT NULL,
  `Y` varchar(15) DEFAULT NULL,
  `TRANSFORM` varchar(200) DEFAULT NULL,
  `SHAPE` varchar(50) DEFAULT NULL,
  `WIDTH` varchar(10) NOT NULL,
  `HEIGHT` varchar(10) NOT NULL,
  PRIMARY KEY (`PRKPLCE_CODE`,`PRKPLCE_FLR_CODE`,`CELL_MAPNG_ID`),
  UNIQUE KEY `PRKPLCE_CELL_MNG_PK` (`PRKPLCE_CODE`,`PRKPLCE_FLR_CODE`,`CELL_MAPNG_ID`)
) ENGINE=InnoDB DEFAULT CHARSET=utf8;
/*!40101 SET character_set_client = @saved_cs_client */;

--
-- Dumping data for table `prkplce_cell_mng`
--

LOCK TABLES `prkplce_cell_mng` WRITE;
/*!40000 ALTER TABLE `prkplce_cell_mng` DISABLE KEYS */;
INSERT INTO `prkplce_cell_mng` VALUES ('MAIN','3F','box_0','P1','box P1',NULL,NULL,NULL,'translate(0,0)','rect','20','30'),('MAIN','3F','box_1','P1','box P1',NULL,NULL,NULL,'translate(30,0)','rect','20','30'),('MAIN','3F','box_10','P1','box P1',NULL,NULL,NULL,'translate(300,0)','rect','20','30'),('MAIN','3F','box_100','P2','box P2',NULL,NULL,NULL,'translate(540,80)','rect','20','30'),('MAIN','3F','box_101','P2','box P2',NULL,NULL,NULL,'translate(570,80)','rect','20','30'),('MAIN','3F','box_102','P2','box P2',NULL,NULL,NULL,'translate(600,80)','rect','20','30'),('MAIN','3F','box_103','P2','box P2',NULL,NULL,NULL,'translate(630,80)','rect','20','30'),('MAIN','3F','box_104','P2','box P2',NULL,NULL,NULL,'translate(660,80)','rect','20','30'),('MAIN','3F','box_105','P2','box P2',NULL,NULL,NULL,'translate(690,80)','rect','20','30'),('MAIN','3F','box_106','P2','box P2',NULL,NULL,NULL,'translate(720,80)','rect','20','30'),('MAIN','3F','box_107','P2','box P2',NULL,NULL,NULL,'translate(750,80)','rect','20','30'),('MAIN','3F','box_108','P1','box P1',NULL,NULL,NULL,'translate(780,80)','rect','20','30'),('MAIN','3F','box_109','P1','box P1',NULL,NULL,NULL,'translate(810,80)','rect','20','30'),('MAIN','3F','box_11','P1','box P1',NULL,NULL,NULL,'translate(330,0)','rect','20','30'),('MAIN','3F','box_110','P1','box P1',NULL,NULL,NULL,'translate(840,80)','rect','20','30'),('MAIN','3F','box_111','P1','box P1',NULL,NULL,NULL,'translate(870,80)','rect','20','30'),('MAIN','3F','box_112','P1','box P1',NULL,NULL,NULL,'translate(900,80)','rect','20','30'),('MAIN','3F','box_113','P1','box P1',NULL,NULL,NULL,'translate(930,80)','rect','20','30'),('MAIN','3F','box_114','P1','box P1',NULL,NULL,NULL,'translate(960,80)','rect','20','30'),('MAIN','3F','box_115','P1','box P1',NULL,NULL,NULL,'translate(990,80)','rect','20','30'),('MAIN','3F','box_116','P1','box P1',NULL,NULL,NULL,'translate(1020,80)','rect','20','30'),('MAIN','3F','box_117','P1','box P1',NULL,NULL,NULL,'translate(1050,80)','rect','20','30'),('MAIN','3F','box_118','P1','box P1',NULL,NULL,NULL,'translate(1080,80)','rect','20','30'),('MAIN','3F','box_119','P1','box P1',NULL,NULL,NULL,'translate(1110,80)','rect','20','30'),('MAIN','3F','box_12','P1','box P1',NULL,NULL,NULL,'translate(360,0)','rect','20','30'),('MAIN','3F','box_120','P1','box P1',NULL,NULL,NULL,'translate(1140,80)','rect','20','30'),('MAIN','3F','box_121','P1','box P1',NULL,NULL,NULL,'translate(1170,80)','rect','20','30'),('MAIN','3F','box_122','P1','box P1',NULL,NULL,NULL,'translate(1200,80)','rect','20','30'),('MAIN','3F','box_123','P1','box P1',NULL,NULL,NULL,'translate(0,120)','rect','20','30'),('MAIN','3F','box_124','P1','box P1',NULL,NULL,NULL,'translate(30,120)','rect','20','30'),('MAIN','3F','box_125','P1','box P1',NULL,NULL,NULL,'translate(60,120)','rect','20','30'),('MAIN','3F','box_126','P1','box P1',NULL,NULL,NULL,'translate(90,120)','rect','20','30'),('MAIN','3F','box_127','P1','box P1',NULL,NULL,NULL,'translate(120,120)','rect','20','30'),('MAIN','3F','box_128','P1','box P1',NULL,NULL,NULL,'translate(150,120)','rect','20','30'),('MAIN','3F','box_129','P1','box P1',NULL,NULL,NULL,'translate(180,120)','rect','20','30'),('MAIN','3F','box_13','P1','box P1',NULL,NULL,NULL,'translate(390,0)','rect','20','30'),('MAIN','3F','box_130','P1','box P1',NULL,NULL,NULL,'translate(210,120)','rect','20','30'),('MAIN','3F','box_131','P1','box P1',NULL,NULL,NULL,'translate(240,120)','rect','20','30'),('MAIN','3F','box_132','P1','box P1',NULL,NULL,NULL,'translate(270,120)','rect','20','30'),('MAIN','3F','box_133','P1','box P1',NULL,NULL,NULL,'translate(300,120)','rect','20','30'),('MAIN','3F','box_134','P1','box P1',NULL,NULL,NULL,'translate(330,120)','rect','20','30'),('MAIN','3F','box_135','P1','box P1',NULL,NULL,NULL,'translate(360,120)','rect','20','30'),('MAIN','3F','box_136','P1','box P1',NULL,NULL,NULL,'translate(390,120)','rect','20','30'),('MAIN','3F','box_137','P2','box P2',NULL,NULL,NULL,'translate(420,120)','rect','20','30'),('MAIN','3F','box_138','P2','box P2',NULL,NULL,NULL,'translate(450,120)','rect','20','30'),('MAIN','3F','box_139','P2','box P2',NULL,NULL,NULL,'translate(480,120)','rect','20','30'),('MAIN','3F','box_14','P2','box P2',NULL,NULL,NULL,'translate(420,0)','rect','20','30'),('MAIN','3F','box_140','P2','box P2',NULL,NULL,NULL,'translate(510,120)','rect','20','30'),('MAIN','3F','box_141','P2','box P2',NULL,NULL,NULL,'translate(540,120)','rect','20','30'),('MAIN','3F','box_142','P2','box P2',NULL,NULL,NULL,'translate(570,120)','rect','20','30'),('MAIN','3F','box_143','P2','box P2',NULL,NULL,NULL,'translate(600,120)','rect','20','30'),('MAIN','3F','box_144','P2','box P2',NULL,NULL,NULL,'translate(630,120)','rect','20','30'),('MAIN','3F','box_145','P2','box P2',NULL,NULL,NULL,'translate(660,120)','rect','20','30'),('MAIN','3F','box_146','P2','box P2',NULL,NULL,NULL,'translate(690,120)','rect','20','30'),('MAIN','3F','box_147','P2','box P2',NULL,NULL,NULL,'translate(720,120)','rect','20','30'),('MAIN','3F','box_148','P2','box P2',NULL,NULL,NULL,'translate(750,120)','rect','20','30'),('MAIN','3F','box_149','P1','box P1',NULL,NULL,NULL,'translate(780,120)','rect','20','30'),('MAIN','3F','box_15','P2','box P2',NULL,NULL,NULL,'translate(450,0)','rect','20','30'),('MAIN','3F','box_150','P1','box P1',NULL,NULL,NULL,'translate(810,120)','rect','20','30'),('MAIN','3F','box_151','P1','box P1',NULL,NULL,NULL,'translate(840,120)','rect','20','30'),('MAIN','3F','box_152','P1','box P1',NULL,NULL,NULL,'translate(870,120)','rect','20','30'),('MAIN','3F','box_153','P1','box P1',NULL,NULL,NULL,'translate(900,120)','rect','20','30'),('MAIN','3F','box_154','P1','box P1',NULL,NULL,NULL,'translate(930,120)','rect','20','30'),('MAIN','3F','box_155','P1','box P1',NULL,NULL,NULL,'translate(960,120)','rect','20','30'),('MAIN','3F','box_156','P1','box P1',NULL,NULL,NULL,'translate(990,120)','rect','20','30'),('MAIN','3F','box_157','P1','box P1',NULL,NULL,NULL,'translate(1020,120)','rect','20','30'),('MAIN','3F','box_158','P1','box P1',NULL,NULL,NULL,'translate(1050,120)','rect','20','30'),('MAIN','3F','box_159','P1','box P1',NULL,NULL,NULL,'translate(1080,120)','rect','20','30'),('MAIN','3F','box_16','P2','box P2',NULL,NULL,NULL,'translate(480,0)','rect','20','30'),('MAIN','3F','box_160','P1','box P1',NULL,NULL,NULL,'translate(1110,120)','rect','20','30'),('MAIN','3F','box_161','P1','box P1',NULL,NULL,NULL,'translate(1140,120)','rect','20','30'),('MAIN','3F','box_162','P1','box P1',NULL,NULL,NULL,'translate(1170,120)','rect','20','30'),('MAIN','3F','box_163','P1','box P1',NULL,NULL,NULL,'translate(1200,120)','rect','20','30'),('MAIN','3F','box_164','P1','box P1',NULL,NULL,NULL,'translate(0,160)','rect','20','30'),('MAIN','3F','box_165','P1','box P1',NULL,NULL,NULL,'translate(30,160)','rect','20','30'),('MAIN','3F','box_166','P1','box P1',NULL,NULL,NULL,'translate(60,160)','rect','20','30'),('MAIN','3F','box_167','P1','box P1',NULL,NULL,NULL,'translate(90,160)','rect','20','30'),('MAIN','3F','box_168','P1','box P1',NULL,NULL,NULL,'translate(120,160)','rect','20','30'),('MAIN','3F','box_169','P1','box P1',NULL,NULL,NULL,'translate(150,160)','rect','20','30'),('MAIN','3F','box_17','P2','box P2',NULL,NULL,NULL,'translate(510,0)','rect','20','30'),('MAIN','3F','box_170','P1','box P1',NULL,NULL,NULL,'translate(180,160)','rect','20','30'),('MAIN','3F','box_171','P1','box P1',NULL,NULL,NULL,'translate(210,160)','rect','20','30'),('MAIN','3F','box_172','P1','box P1',NULL,NULL,NULL,'translate(240,160)','rect','20','30'),('MAIN','3F','box_173','P1','box P1',NULL,NULL,NULL,'translate(270,160)','rect','20','30'),('MAIN','3F','box_174','P1','box P1',NULL,NULL,NULL,'translate(300,160)','rect','20','30'),('MAIN','3F','box_175','P1','box P1',NULL,NULL,NULL,'translate(330,160)','rect','20','30'),('MAIN','3F','box_176','P1','box P1',NULL,NULL,NULL,'translate(360,160)','rect','20','30'),('MAIN','3F','box_177','P1','box P1',NULL,NULL,NULL,'translate(390,160)','rect','20','30'),('MAIN','3F','box_178','P2','box P2',NULL,NULL,NULL,'translate(420,160)','rect','20','30'),('MAIN','3F','box_179','P2','box P2',NULL,NULL,NULL,'translate(450,160)','rect','20','30'),('MAIN','3F','box_18','P2','box P2',NULL,NULL,NULL,'translate(540,0)','rect','20','30'),('MAIN','3F','box_180','P2','box P2',NULL,NULL,NULL,'translate(480,160)','rect','20','30'),('MAIN','3F','box_181','P2','box P2',NULL,NULL,NULL,'translate(510,160)','rect','20','30'),('MAIN','3F','box_182','P2','box P2',NULL,NULL,NULL,'translate(540,160)','rect','20','30'),('MAIN','3F','box_183','P2','box P2',NULL,NULL,NULL,'translate(570,160)','rect','20','30'),('MAIN','3F','box_184','P2','box P2',NULL,NULL,NULL,'translate(600,160)','rect','20','30'),('MAIN','3F','box_185','P2','box P2',NULL,NULL,NULL,'translate(630,160)','rect','20','30'),('MAIN','3F','box_186','P2','box P2',NULL,NULL,NULL,'translate(660,160)','rect','20','30'),('MAIN','3F','box_187','P2','box P2',NULL,NULL,NULL,'translate(690,160)','rect','20','30'),('MAIN','3F','box_188','P2','box P2',NULL,NULL,NULL,'translate(720,160)','rect','20','30'),('MAIN','3F','box_189','P2','box P2',NULL,NULL,NULL,'translate(750,160)','rect','20','30'),('MAIN','3F','box_19','P2','box P2',NULL,NULL,NULL,'translate(570,0)','rect','20','30'),('MAIN','3F','box_190','P1','box P1',NULL,NULL,NULL,'translate(780,160)','rect','20','30'),('MAIN','3F','box_191','P1','box P1',NULL,NULL,NULL,'translate(810,160)','rect','20','30'),('MAIN','3F','box_192','P1','box P1',NULL,NULL,NULL,'translate(840,160)','rect','20','30'),('MAIN','3F','box_193','P1','box P1',NULL,NULL,NULL,'translate(870,160)','rect','20','30'),('MAIN','3F','box_194','P1','box P1',NULL,NULL,NULL,'translate(900,160)','rect','20','30'),('MAIN','3F','box_195','P1','box P1',NULL,NULL,NULL,'translate(930,160)','rect','20','30'),('MAIN','3F','box_196','P1','box P1',NULL,NULL,NULL,'translate(960,160)','rect','20','30'),('MAIN','3F','box_197','P1','box P1',NULL,NULL,NULL,'translate(990,160)','rect','20','30'),('MAIN','3F','box_198','P1','box P1',NULL,NULL,NULL,'translate(1020,160)','rect','20','30'),('MAIN','3F','box_199','P1','box P1',NULL,NULL,NULL,'translate(1050,160)','rect','20','30'),('MAIN','3F','box_2','P1','box P1',NULL,NULL,NULL,'translate(60,0)','rect','20','30'),('MAIN','3F','box_20','P2','box P2',NULL,NULL,NULL,'translate(600,0)','rect','20','30'),('MAIN','3F','box_200','P1','box P1',NULL,NULL,NULL,'translate(1080,160)','rect','20','30'),('MAIN','3F','box_201','P1','box P1',NULL,NULL,NULL,'translate(1110,160)','rect','20','30'),('MAIN','3F','box_202','P1','box P1',NULL,NULL,NULL,'translate(1140,160)','rect','20','30'),('MAIN','3F','box_203','P1','box P1',NULL,NULL,NULL,'translate(1170,160)','rect','20','30'),('MAIN','3F','box_204','P1','box P1',NULL,NULL,NULL,'translate(1200,160)','rect','20','30'),('MAIN','3F','box_205','P1','box P1',NULL,NULL,NULL,'translate(0,200)','rect','20','30'),('MAIN','3F','box_206','P1','box P1',NULL,NULL,NULL,'translate(30,200)','rect','20','30'),('MAIN','3F','box_207','P1','box P1',NULL,NULL,NULL,'translate(60,200)','rect','20','30'),('MAIN','3F','box_208','P1','box P1',NULL,NULL,NULL,'translate(90,200)','rect','20','30'),('MAIN','3F','box_209','P1','box P1',NULL,NULL,NULL,'translate(120,200)','rect','20','30'),('MAIN','3F','box_21','P2','box P2',NULL,NULL,NULL,'translate(630,0)','rect','20','30'),('MAIN','3F','box_210','P1','box P1',NULL,NULL,NULL,'translate(150,200)','rect','20','30'),('MAIN','3F','box_211','P1','box P1',NULL,NULL,NULL,'translate(180,200)','rect','20','30'),('MAIN','3F','box_212','P1','box P1',NULL,NULL,NULL,'translate(210,200)','rect','20','30'),('MAIN','3F','box_213','P1','box P1',NULL,NULL,NULL,'translate(240,200)','rect','20','30'),('MAIN','3F','box_214','P1','box P1',NULL,NULL,NULL,'translate(270,200)','rect','20','30'),('MAIN','3F','box_215','P1','box P1',NULL,NULL,NULL,'translate(300,200)','rect','20','30'),('MAIN','3F','box_216','P1','box P1',NULL,NULL,NULL,'translate(330,200)','rect','20','30'),('MAIN','3F','box_217','P1','box P1',NULL,NULL,NULL,'translate(360,200)','rect','20','30'),('MAIN','3F','box_218','P1','box P1',NULL,NULL,NULL,'translate(390,200)','rect','20','30'),('MAIN','3F','box_219','P2','box P2',NULL,NULL,NULL,'translate(420,200)','rect','20','30'),('MAIN','3F','box_22','P2','box P2',NULL,NULL,NULL,'translate(660,0)','rect','20','30'),('MAIN','3F','box_220','P2','box P2',NULL,NULL,NULL,'translate(450,200)','rect','20','30'),('MAIN','3F','box_221','P2','box P2',NULL,NULL,NULL,'translate(480,200)','rect','20','30'),('MAIN','3F','box_222','P2','box P2',NULL,NULL,NULL,'translate(510,200)','rect','20','30'),('MAIN','3F','box_223','P2','box P2',NULL,NULL,NULL,'translate(540,200)','rect','20','30'),('MAIN','3F','box_224','P2','box P2',NULL,NULL,NULL,'translate(570,200)','rect','20','30'),('MAIN','3F','box_225','P2','box P2',NULL,NULL,NULL,'translate(600,200)','rect','20','30'),('MAIN','3F','box_226','P2','box P2',NULL,NULL,NULL,'translate(630,200)','rect','20','30'),('MAIN','3F','box_227','P2','box P2',NULL,NULL,NULL,'translate(660,200)','rect','20','30'),('MAIN','3F','box_228','P2','box P2',NULL,NULL,NULL,'translate(690,200)','rect','20','30'),('MAIN','3F','box_229','P2','box P2',NULL,NULL,NULL,'translate(720,200)','rect','20','30'),('MAIN','3F','box_23','P2','box P2',NULL,NULL,NULL,'translate(690,0)','rect','20','30'),('MAIN','3F','box_230','P2','box P2',NULL,NULL,NULL,'translate(750,200)','rect','20','30'),('MAIN','3F','box_231','P1','box P1',NULL,NULL,NULL,'translate(780,200)','rect','20','30'),('MAIN','3F','box_232','P1','box P1',NULL,NULL,NULL,'translate(810,200)','rect','20','30'),('MAIN','3F','box_233','P1','box P1',NULL,NULL,NULL,'translate(840,200)','rect','20','30'),('MAIN','3F','box_234','P1','box P1',NULL,NULL,NULL,'translate(870,200)','rect','20','30'),('MAIN','3F','box_235','P1','box P1',NULL,NULL,NULL,'translate(900,200)','rect','20','30'),('MAIN','3F','box_236','P1','box P1',NULL,NULL,NULL,'translate(930,200)','rect','20','30'),('MAIN','3F','box_237','P1','box P1',NULL,NULL,NULL,'translate(960,200)','rect','20','30'),('MAIN','3F','box_238','P1','box P1',NULL,NULL,NULL,'translate(990,200)','rect','20','30'),('MAIN','3F','box_239','P1','box P1',NULL,NULL,NULL,'translate(1020,200)','rect','20','30'),('MAIN','3F','box_24','P2','box P2',NULL,NULL,NULL,'translate(720,0)','rect','20','30'),('MAIN','3F','box_240','P1','box P1',NULL,NULL,NULL,'translate(1050,200)','rect','20','30'),('MAIN','3F','box_241','P1','box P1',NULL,NULL,NULL,'translate(1080,200)','rect','20','30'),('MAIN','3F','box_242','P1','box P1',NULL,NULL,NULL,'translate(1110,200)','rect','20','30'),('MAIN','3F','box_243','P1','box P1',NULL,NULL,NULL,'translate(1140,200)','rect','20','30'),('MAIN','3F','box_244','P1','box P1',NULL,NULL,NULL,'translate(1170,200)','rect','20','30'),('MAIN','3F','box_245','P1','box P1',NULL,NULL,NULL,'translate(1200,200)','rect','20','30'),('MAIN','3F','box_246','P1','box P1',NULL,NULL,NULL,'translate(0,320)','rect','20','30'),('MAIN','3F','box_247','P1','box P1',NULL,NULL,NULL,'translate(30,320)','rect','20','30'),('MAIN','3F','box_248','P1','box P1',NULL,NULL,NULL,'translate(60,320)','rect','20','30'),('MAIN','3F','box_249','P1','box P1',NULL,NULL,NULL,'translate(90,320)','rect','20','30'),('MAIN','3F','box_25','P2','box P2',NULL,NULL,NULL,'translate(750,0)','rect','20','30'),('MAIN','3F','box_250','P1','box P1',NULL,NULL,NULL,'translate(120,320)','rect','20','30'),('MAIN','3F','box_251','P1','box P1',NULL,NULL,NULL,'translate(150,320)','rect','20','30'),('MAIN','3F','box_252','P1','box P1',NULL,NULL,NULL,'translate(180,320)','rect','20','30'),('MAIN','3F','box_253','P1','box P1',NULL,NULL,NULL,'translate(210,320)','rect','20','30'),('MAIN','3F','box_254','P1','box P1',NULL,NULL,NULL,'translate(240,320)','rect','20','30'),('MAIN','3F','box_255','P1','box P1',NULL,NULL,NULL,'translate(270,320)','rect','20','30'),('MAIN','3F','box_256','P1','box P1',NULL,NULL,NULL,'translate(300,320)','rect','20','30'),('MAIN','3F','box_257','P1','box P1',NULL,NULL,NULL,'translate(330,320)','rect','20','30'),('MAIN','3F','box_258','P1','box P1',NULL,NULL,NULL,'translate(360,320)','rect','20','30'),('MAIN','3F','box_259','P1','box P1',NULL,NULL,NULL,'translate(390,320)','rect','20','30'),('MAIN','3F','box_26','P1','box P1',NULL,NULL,NULL,'translate(780,0)','rect','20','30'),('MAIN','3F','box_260','P2','box P2',NULL,NULL,NULL,'translate(420,320)','rect','20','30'),('MAIN','3F','box_261','P2','box P2',NULL,NULL,NULL,'translate(450,320)','rect','20','30'),('MAIN','3F','box_262','P2','box P2',NULL,NULL,NULL,'translate(480,320)','rect','20','30'),('MAIN','3F','box_263','P2','box P2',NULL,NULL,NULL,'translate(510,320)','rect','20','30'),('MAIN','3F','box_264','P2','box P2',NULL,NULL,NULL,'translate(540,320)','rect','20','30'),('MAIN','3F','box_265','P2','box P2',NULL,NULL,NULL,'translate(570,320)','rect','20','30'),('MAIN','3F','box_266','P2','box P2',NULL,NULL,NULL,'translate(600,320)','rect','20','30'),('MAIN','3F','box_267','P2','box P2',NULL,NULL,NULL,'translate(630,320)','rect','20','30'),('MAIN','3F','box_268','P2','box P2',NULL,NULL,NULL,'translate(660,320)','rect','20','30'),('MAIN','3F','box_269','P2','box P2',NULL,NULL,NULL,'translate(690,320)','rect','20','30'),('MAIN','3F','box_27','P1','box P1',NULL,NULL,NULL,'translate(810,0)','rect','20','30'),('MAIN','3F','box_270','P2','box P2',NULL,NULL,NULL,'translate(720,320)','rect','20','30'),('MAIN','3F','box_271','P2','box P2',NULL,NULL,NULL,'translate(750,320)','rect','20','30'),('MAIN','3F','box_272','P1','box P1',NULL,NULL,NULL,'translate(780,320)','rect','20','30'),('MAIN','3F','box_273','P1','box P1',NULL,NULL,NULL,'translate(810,320)','rect','20','30'),('MAIN','3F','box_274','P1','box P1',NULL,NULL,NULL,'translate(840,320)','rect','20','30'),('MAIN','3F','box_275','P1','box P1',NULL,NULL,NULL,'translate(870,320)','rect','20','30'),('MAIN','3F','box_276','P1','box P1',NULL,NULL,NULL,'translate(900,320)','rect','20','30'),('MAIN','3F','box_277','P1','box P1',NULL,NULL,NULL,'translate(930,320)','rect','20','30'),('MAIN','3F','box_278','P1','box P1',NULL,NULL,NULL,'translate(960,320)','rect','20','30'),('MAIN','3F','box_279','P1','box P1',NULL,NULL,NULL,'translate(990,320)','rect','20','30'),('MAIN','3F','box_28','P1','box P1',NULL,NULL,NULL,'translate(840,0)','rect','20','30'),('MAIN','3F','box_280','P1','box P1',NULL,NULL,NULL,'translate(1020,320)','rect','20','30'),('MAIN','3F','box_281','P1','box P1',NULL,NULL,NULL,'translate(1050,320)','rect','20','30'),('MAIN','3F','box_282','P1','box P1',NULL,NULL,NULL,'translate(1080,320)','rect','20','30'),('MAIN','3F','box_283','P1','box P1',NULL,NULL,NULL,'translate(1110,320)','rect','20','30'),('MAIN','3F','box_284','P1','box P1',NULL,NULL,NULL,'translate(1140,320)','rect','20','30'),('MAIN','3F','box_285','P1','box P1',NULL,NULL,NULL,'translate(1170,320)','rect','20','30'),('MAIN','3F','box_286','P1','box P1',NULL,NULL,NULL,'translate(1200,320)','rect','20','30'),('MAIN','3F','box_287','P1','box P1',NULL,NULL,NULL,'translate(0,360)','rect','20','30'),('MAIN','3F','box_288','P1','box P1',NULL,NULL,NULL,'translate(30,360)','rect','20','30'),('MAIN','3F','box_289','P1','box P1',NULL,NULL,NULL,'translate(60,360)','rect','20','30'),('MAIN','3F','box_29','P1','box P1',NULL,NULL,NULL,'translate(870,0)','rect','20','30'),('MAIN','3F','box_290','P1','box P1',NULL,NULL,NULL,'translate(90,360)','rect','20','30'),('MAIN','3F','box_291','P1','box P1',NULL,NULL,NULL,'translate(120,360)','rect','20','30'),('MAIN','3F','box_292','P1','box P1',NULL,NULL,NULL,'translate(150,360)','rect','20','30'),('MAIN','3F','box_293','P1','box P1',NULL,NULL,NULL,'translate(180,360)','rect','20','30'),('MAIN','3F','box_294','P1','box P1',NULL,NULL,NULL,'translate(210,360)','rect','20','30'),('MAIN','3F','box_295','P1','box P1',NULL,NULL,NULL,'translate(240,360)','rect','20','30'),('MAIN','3F','box_296','P1','box P1',NULL,NULL,NULL,'translate(270,360)','rect','20','30'),('MAIN','3F','box_297','P1','box P1',NULL,NULL,NULL,'translate(300,360)','rect','20','30'),('MAIN','3F','box_298','P1','box P1',NULL,NULL,NULL,'translate(330,360)','rect','20','30'),('MAIN','3F','box_299','P1','box P1',NULL,NULL,NULL,'translate(360,360)','rect','20','30'),('MAIN','3F','box_3','P1','box P1',NULL,NULL,NULL,'translate(90,0)','rect','20','30'),('MAIN','3F','box_30','P1','box P1',NULL,NULL,NULL,'translate(900,0)','rect','20','30'),('MAIN','3F','box_300','P1','box P1',NULL,NULL,NULL,'translate(390,360)','rect','20','30'),('MAIN','3F','box_301','P2','box P2',NULL,NULL,NULL,'translate(420,360)','rect','20','30'),('MAIN','3F','box_302','P2','box P2',NULL,NULL,NULL,'translate(450,360)','rect','20','30'),('MAIN','3F','box_303','P2','box P2',NULL,NULL,NULL,'translate(480,360)','rect','20','30'),('MAIN','3F','box_304','P2','box P2',NULL,NULL,NULL,'translate(510,360)','rect','20','30'),('MAIN','3F','box_305','P2','box P2',NULL,NULL,NULL,'translate(540,360)','rect','20','30'),('MAIN','3F','box_306','P2','box P2',NULL,NULL,NULL,'translate(570,360)','rect','20','30'),('MAIN','3F','box_307','P2','box P2',NULL,NULL,NULL,'translate(600,360)','rect','20','30'),('MAIN','3F','box_308','P2','box P2',NULL,NULL,NULL,'translate(630,360)','rect','20','30'),('MAIN','3F','box_309','P2','box P2',NULL,NULL,NULL,'translate(660,360)','rect','20','30'),('MAIN','3F','box_31','P1','box P1',NULL,NULL,NULL,'translate(930,0)','rect','20','30'),('MAIN','3F','box_310','P2','box P2',NULL,NULL,NULL,'translate(690,360)','rect','20','30'),('MAIN','3F','box_311','P2','box P2',NULL,NULL,NULL,'translate(720,360)','rect','20','30'),('MAIN','3F','box_312','P2','box P2',NULL,NULL,NULL,'translate(750,360)','rect','20','30'),('MAIN','3F','box_313','P1','box P1',NULL,NULL,NULL,'translate(780,360)','rect','20','30'),('MAIN','3F','box_314','P1','box P1',NULL,NULL,NULL,'translate(810,360)','rect','20','30'),('MAIN','3F','box_315','P1','box P1',NULL,NULL,NULL,'translate(840,360)','rect','20','30'),('MAIN','3F','box_316','P1','box P1',NULL,NULL,NULL,'translate(870,360)','rect','20','30'),('MAIN','3F','box_317','P1','box P1',NULL,NULL,NULL,'translate(900,360)','rect','20','30'),('MAIN','3F','box_318','P1','box P1',NULL,NULL,NULL,'translate(930,360)','rect','20','30'),('MAIN','3F','box_319','P1','box P1',NULL,NULL,NULL,'translate(960,360)','rect','20','30'),('MAIN','3F','box_32','P1','box P1',NULL,NULL,NULL,'translate(960,0)','rect','20','30'),('MAIN','3F','box_320','P1','box P1',NULL,NULL,NULL,'translate(990,360)','rect','20','30'),('MAIN','3F','box_321','P1','box P1',NULL,NULL,NULL,'translate(1020,360)','rect','20','30'),('MAIN','3F','box_322','P1','box P1',NULL,NULL,NULL,'translate(1050,360)','rect','20','30'),('MAIN','3F','box_323','P1','box P1',NULL,NULL,NULL,'translate(1080,360)','rect','20','30'),('MAIN','3F','box_324','P1','box P1',NULL,NULL,NULL,'translate(1110,360)','rect','20','30'),('MAIN','3F','box_325','P1','box P1',NULL,NULL,NULL,'translate(1140,360)','rect','20','30'),('MAIN','3F','box_326','P1','box P1',NULL,NULL,NULL,'translate(1170,360)','rect','20','30'),('MAIN','3F','box_327','P1','box P1',NULL,NULL,NULL,'translate(1200,360)','rect','20','30'),('MAIN','3F','box_328','P1','box P1',NULL,NULL,NULL,'translate(0,400)','rect','20','30'),('MAIN','3F','box_329','P1','box P1',NULL,NULL,NULL,'translate(30,400)','rect','20','30'),('MAIN','3F','box_33','P1','box P1',NULL,NULL,NULL,'translate(990,0)','rect','20','30'),('MAIN','3F','box_330','P1','box P1',NULL,NULL,NULL,'translate(60,400)','rect','20','30'),('MAIN','3F','box_331','P1','box P1',NULL,NULL,NULL,'translate(90,400)','rect','20','30'),('MAIN','3F','box_332','P1','box P1',NULL,NULL,NULL,'translate(120,400)','rect','20','30'),('MAIN','3F','box_333','P1','box P1',NULL,NULL,NULL,'translate(150,400)','rect','20','30'),('MAIN','3F','box_334','P1','box P1',NULL,NULL,NULL,'translate(180,400)','rect','20','30'),('MAIN','3F','box_335','P1','box P1',NULL,NULL,NULL,'translate(210,400)','rect','20','30'),('MAIN','3F','box_336','P1','box P1',NULL,NULL,NULL,'translate(240,400)','rect','20','30'),('MAIN','3F','box_337','P1','box P1',NULL,NULL,NULL,'translate(270,400)','rect','20','30'),('MAIN','3F','box_338','P1','box P1',NULL,NULL,NULL,'translate(300,400)','rect','20','30'),('MAIN','3F','box_339','P1','box P1',NULL,NULL,NULL,'translate(330,400)','rect','20','30'),('MAIN','3F','box_34','P1','box P1',NULL,NULL,NULL,'translate(1020,0)','rect','20','30'),('MAIN','3F','box_340','P1','box P1',NULL,NULL,NULL,'translate(360,400)','rect','20','30'),('MAIN','3F','box_341','P1','box P1',NULL,NULL,NULL,'translate(390,400)','rect','20','30'),('MAIN','3F','box_342','P2','box P2',NULL,NULL,NULL,'translate(420,400)','rect','20','30'),('MAIN','3F','box_343','P2','box P2',NULL,NULL,NULL,'translate(450,400)','rect','20','30'),('MAIN','3F','box_344','P2','box P2',NULL,NULL,NULL,'translate(480,400)','rect','20','30'),('MAIN','3F','box_345','P2','box P2',NULL,NULL,NULL,'translate(510,400)','rect','20','30'),('MAIN','3F','box_346','P2','box P2',NULL,NULL,NULL,'translate(540,400)','rect','20','30'),('MAIN','3F','box_347','P2','box P2',NULL,NULL,NULL,'translate(570,400)','rect','20','30'),('MAIN','3F','box_348','P2','box P2',NULL,NULL,NULL,'translate(600,400)','rect','20','30'),('MAIN','3F','box_349','P2','box P2',NULL,NULL,NULL,'translate(630,400)','rect','20','30'),('MAIN','3F','box_35','P1','box P1',NULL,NULL,NULL,'translate(1050,0)','rect','20','30'),('MAIN','3F','box_350','P2','box P2',NULL,NULL,NULL,'translate(660,400)','rect','20','30'),('MAIN','3F','box_351','P2','box P2',NULL,NULL,NULL,'translate(690,400)','rect','20','30'),('MAIN','3F','box_352','P2','box P2',NULL,NULL,NULL,'translate(720,400)','rect','20','30'),('MAIN','3F','box_353','P2','box P2',NULL,NULL,NULL,'translate(750,400)','rect','20','30'),('MAIN','3F','box_354','P1','box P1',NULL,NULL,NULL,'translate(780,400)','rect','20','30'),('MAIN','3F','box_355','P1','box P1',NULL,NULL,NULL,'translate(810,400)','rect','20','30'),('MAIN','3F','box_356','P1','box P1',NULL,NULL,NULL,'translate(840,400)','rect','20','30'),('MAIN','3F','box_357','P1','box P1',NULL,NULL,NULL,'translate(870,400)','rect','20','30'),('MAIN','3F','box_358','P1','box P1',NULL,NULL,NULL,'translate(900,400)','rect','20','30'),('MAIN','3F','box_359','P1','box P1',NULL,NULL,NULL,'translate(930,400)','rect','20','30'),('MAIN','3F','box_36','P1','box P1',NULL,NULL,NULL,'translate(1080,0)','rect','20','30'),('MAIN','3F','box_360','P1','box P1',NULL,NULL,NULL,'translate(960,400)','rect','20','30'),('MAIN','3F','box_361','P1','box P1',NULL,NULL,NULL,'translate(990,400)','rect','20','30'),('MAIN','3F','box_362','P1','box P1',NULL,NULL,NULL,'translate(1020,400)','rect','20','30'),('MAIN','3F','box_363','P1','box P1',NULL,NULL,NULL,'translate(1050,400)','rect','20','30'),('MAIN','3F','box_364','P1','box P1',NULL,NULL,NULL,'translate(1080,400)','rect','20','30'),('MAIN','3F','box_365','P1','box P1',NULL,NULL,NULL,'translate(1110,400)','rect','20','30'),('MAIN','3F','box_366','P1','box P1',NULL,NULL,NULL,'translate(1140,400)','rect','20','30'),('MAIN','3F','box_367','P1','box P1',NULL,NULL,NULL,'translate(1170,400)','rect','20','30'),('MAIN','3F','box_368','P1','box P1',NULL,NULL,NULL,'translate(1200,400)','rect','20','30'),('MAIN','3F','box_369','P1','box P1',NULL,NULL,NULL,'translate(0,440)','rect','20','30'),('MAIN','3F','box_37','P1','box P1',NULL,NULL,NULL,'translate(1110,0)','rect','20','30'),('MAIN','3F','box_370','P1','box P1',NULL,NULL,NULL,'translate(30,440)','rect','20','30'),('MAIN','3F','box_371','P1','box P1',NULL,NULL,NULL,'translate(60,440)','rect','20','30'),('MAIN','3F','box_372','P1','box P1',NULL,NULL,NULL,'translate(90,440)','rect','20','30'),('MAIN','3F','box_373','P1','box P1',NULL,NULL,NULL,'translate(120,440)','rect','20','30'),('MAIN','3F','box_374','P1','box P1',NULL,NULL,NULL,'translate(150,440)','rect','20','30'),('MAIN','3F','box_375','P1','box P1',NULL,NULL,NULL,'translate(180,440)','rect','20','30'),('MAIN','3F','box_376','P1','box P1',NULL,NULL,NULL,'translate(210,440)','rect','20','30'),('MAIN','3F','box_377','P1','box P1',NULL,NULL,NULL,'translate(240,440)','rect','20','30'),('MAIN','3F','box_378','P1','box P1',NULL,NULL,NULL,'translate(270,440)','rect','20','30'),('MAIN','3F','box_379','P1','box P1',NULL,NULL,NULL,'translate(300,440)','rect','20','30'),('MAIN','3F','box_38','P1','box P1',NULL,NULL,NULL,'translate(1140,0)','rect','20','30'),('MAIN','3F','box_380','P1','box P1',NULL,NULL,NULL,'translate(330,440)','rect','20','30'),('MAIN','3F','box_381','P1','box P1',NULL,NULL,NULL,'translate(360,440)','rect','20','30'),('MAIN','3F','box_382','P1','box P1',NULL,NULL,NULL,'translate(390,440)','rect','20','30'),('MAIN','3F','box_383','P2','box P2',NULL,NULL,NULL,'translate(420,440)','rect','20','30'),('MAIN','3F','box_384','P2','box P2',NULL,NULL,NULL,'translate(450,440)','rect','20','30'),('MAIN','3F','box_385','P2','box P2',NULL,NULL,NULL,'translate(480,440)','rect','20','30'),('MAIN','3F','box_386','P2','box P2',NULL,NULL,NULL,'translate(510,440)','rect','20','30'),('MAIN','3F','box_387','P2','box P2',NULL,NULL,NULL,'translate(540,440)','rect','20','30'),('MAIN','3F','box_388','P2','box P2',NULL,NULL,NULL,'translate(570,440)','rect','20','30'),('MAIN','3F','box_389','P2','box P2',NULL,NULL,NULL,'translate(600,440)','rect','20','30'),('MAIN','3F','box_39','P1','box P1',NULL,NULL,NULL,'translate(1170,0)','rect','20','30'),('MAIN','3F','box_390','P2','box P2',NULL,NULL,NULL,'translate(630,440)','rect','20','30'),('MAIN','3F','box_391','P2','box P2',NULL,NULL,NULL,'translate(660,440)','rect','20','30'),('MAIN','3F','box_392','P2','box P2',NULL,NULL,NULL,'translate(690,440)','rect','20','30'),('MAIN','3F','box_393','P2','box P2',NULL,NULL,NULL,'translate(720,440)','rect','20','30'),('MAIN','3F','box_394','P2','box P2',NULL,NULL,NULL,'translate(750,440)','rect','20','30'),('MAIN','3F','box_395','P1','box P1',NULL,NULL,NULL,'translate(780,440)','rect','20','30'),('MAIN','3F','box_396','P1','box P1',NULL,NULL,NULL,'translate(810,440)','rect','20','30'),('MAIN','3F','box_397','P1','box P1',NULL,NULL,NULL,'translate(840,440)','rect','20','30'),('MAIN','3F','box_398','P1','box P1',NULL,NULL,NULL,'translate(870,440)','rect','20','30'),('MAIN','3F','box_399','P1','box P1',NULL,NULL,NULL,'translate(900,440)','rect','20','30'),('MAIN','3F','box_4','P1','box P1',NULL,NULL,NULL,'translate(120,0)','rect','20','30'),('MAIN','3F','box_40','P1','box P1',NULL,NULL,NULL,'translate(1200,0)','rect','20','30'),('MAIN','3F','box_400','P1','box P1',NULL,NULL,NULL,'translate(930,440)','rect','20','30'),('MAIN','3F','box_401','P1','box P1',NULL,NULL,NULL,'translate(960,440)','rect','20','30'),('MAIN','3F','box_402','P1','box P1',NULL,NULL,NULL,'translate(990,440)','rect','20','30'),('MAIN','3F','box_403','P1','box P1',NULL,NULL,NULL,'translate(1020,440)','rect','20','30'),('MAIN','3F','box_404','P1','box P1',NULL,NULL,NULL,'translate(1050,440)','rect','20','30'),('MAIN','3F','box_405','P1','box P1',NULL,NULL,NULL,'translate(1080,440)','rect','20','30'),('MAIN','3F','box_406','P1','box P1',NULL,NULL,NULL,'translate(1110,440)','rect','20','30'),('MAIN','3F','box_407','P1','box P1',NULL,NULL,NULL,'translate(1140,440)','rect','20','30'),('MAIN','3F','box_408','P1','box P1',NULL,NULL,NULL,'translate(1170,440)','rect','20','30'),('MAIN','3F','box_409','P1','box P1',NULL,NULL,NULL,'translate(1200,440)','rect','20','30'),('MAIN','3F','box_41','P1','box P1',NULL,NULL,NULL,'translate(0,40)','rect','20','30'),('MAIN','3F','box_410','P1','box P1',NULL,NULL,NULL,'translate(0,480)','rect','20','30'),('MAIN','3F','box_411','P1','box P1',NULL,NULL,NULL,'translate(30,480)','rect','20','30'),('MAIN','3F','box_412','P1','box P1',NULL,NULL,NULL,'translate(60,480)','rect','20','30'),('MAIN','3F','box_413','P1','box P1',NULL,NULL,NULL,'translate(90,480)','rect','20','30'),('MAIN','3F','box_414','P1','box P1',NULL,NULL,NULL,'translate(120,480)','rect','20','30'),('MAIN','3F','box_415','P1','box P1',NULL,NULL,NULL,'translate(150,480)','rect','20','30'),('MAIN','3F','box_416','P1','box P1',NULL,NULL,NULL,'translate(180,480)','rect','20','30'),('MAIN','3F','box_417','P1','box P1',NULL,NULL,NULL,'translate(210,480)','rect','20','30'),('MAIN','3F','box_418','P1','box P1',NULL,NULL,NULL,'translate(240,480)','rect','20','30'),('MAIN','3F','box_419','P1','box P1',NULL,NULL,NULL,'translate(270,480)','rect','20','30'),('MAIN','3F','box_42','P1','box P1',NULL,NULL,NULL,'translate(30,40)','rect','20','30'),('MAIN','3F','box_420','P1','box P1',NULL,NULL,NULL,'translate(300,480)','rect','20','30'),('MAIN','3F','box_421','P1','box P1',NULL,NULL,NULL,'translate(330,480)','rect','20','30'),('MAIN','3F','box_422','P1','box P1',NULL,NULL,NULL,'translate(360,480)','rect','20','30'),('MAIN','3F','box_423','P1','box P1',NULL,NULL,NULL,'translate(390,480)','rect','20','30'),('MAIN','3F','box_424','P2','box P2',NULL,NULL,NULL,'translate(420,480)','rect','20','30'),('MAIN','3F','box_425','P2','box P2',NULL,NULL,NULL,'translate(450,480)','rect','20','30'),('MAIN','3F','box_426','P2','box P2',NULL,NULL,NULL,'translate(480,480)','rect','20','30'),('MAIN','3F','box_427','P2','box P2',NULL,NULL,NULL,'translate(510,480)','rect','20','30'),('MAIN','3F','box_428','P2','box P2',NULL,NULL,NULL,'translate(540,480)','rect','20','30'),('MAIN','3F','box_429','P2','box P2',NULL,NULL,NULL,'translate(570,480)','rect','20','30'),('MAIN','3F','box_43','P1','box P1',NULL,NULL,NULL,'translate(60,40)','rect','20','30'),('MAIN','3F','box_430','P2','box P2',NULL,NULL,NULL,'translate(600,480)','rect','20','30'),('MAIN','3F','box_431','P2','box P2',NULL,NULL,NULL,'translate(630,480)','rect','20','30'),('MAIN','3F','box_432','P2','box P2',NULL,NULL,NULL,'translate(660,480)','rect','20','30'),('MAIN','3F','box_433','P2','box P2',NULL,NULL,NULL,'translate(690,480)','rect','20','30'),('MAIN','3F','box_434','P2','box P2',NULL,NULL,NULL,'translate(720,480)','rect','20','30'),('MAIN','3F','box_435','P2','box P2',NULL,NULL,NULL,'translate(750,480)','rect','20','30'),('MAIN','3F','box_436','P1','box P1',NULL,NULL,NULL,'translate(780,480)','rect','20','30'),('MAIN','3F','box_437','P1','box P1',NULL,NULL,NULL,'translate(810,480)','rect','20','30'),('MAIN','3F','box_438','P1','box P1',NULL,NULL,NULL,'translate(840,480)','rect','20','30'),('MAIN','3F','box_439','P1','box P1',NULL,NULL,NULL,'translate(870,480)','rect','20','30'),('MAIN','3F','box_44','P1','box P1',NULL,NULL,NULL,'translate(90,40)','rect','20','30'),('MAIN','3F','box_440','P1','box P1',NULL,NULL,NULL,'translate(900,480)','rect','20','30'),('MAIN','3F','box_441','P1','box P1',NULL,NULL,NULL,'translate(930,480)','rect','20','30'),('MAIN','3F','box_442','P1','box P1',NULL,NULL,NULL,'translate(960,480)','rect','20','30'),('MAIN','3F','box_443','P1','box P1',NULL,NULL,NULL,'translate(990,480)','rect','20','30'),('MAIN','3F','box_444','P1','box P1',NULL,NULL,NULL,'translate(1020,480)','rect','20','30'),('MAIN','3F','box_445','P1','box P1',NULL,NULL,NULL,'translate(1050,480)','rect','20','30'),('MAIN','3F','box_446','P1','box P1',NULL,NULL,NULL,'translate(1080,480)','rect','20','30'),('MAIN','3F','box_447','P1','box P1',NULL,NULL,NULL,'translate(1110,480)','rect','20','30'),('MAIN','3F','box_448','P1','box P1',NULL,NULL,NULL,'translate(1140,480)','rect','20','30'),('MAIN','3F','box_449','P1','box P1',NULL,NULL,NULL,'translate(1170,480)','rect','20','30'),('MAIN','3F','box_45','P1','box P1',NULL,NULL,NULL,'translate(120,40)','rect','20','30'),('MAIN','3F','box_450','P1','box P1',NULL,NULL,NULL,'translate(1200,480)','rect','20','30'),('MAIN','3F','box_46','P1','box P1',NULL,NULL,NULL,'translate(150,40)','rect','20','30'),('MAIN','3F','box_47','P1','box P1',NULL,NULL,NULL,'translate(180,40)','rect','20','30'),('MAIN','3F','box_48','P1','box P1',NULL,NULL,NULL,'translate(210,40)','rect','20','30'),('MAIN','3F','box_49','P1','box P1',NULL,NULL,NULL,'translate(240,40)','rect','20','30'),('MAIN','3F','box_5','P1','box P1',NULL,NULL,NULL,'translate(150,0)','rect','20','30'),('MAIN','3F','box_50','P1','box P1',NULL,NULL,NULL,'translate(270,40)','rect','20','30'),('MAIN','3F','box_51','P1','box P1',NULL,NULL,NULL,'translate(300,40)','rect','20','30'),('MAIN','3F','box_52','P1','box P1',NULL,NULL,NULL,'translate(330,40)','rect','20','30'),('MAIN','3F','box_53','P1','box P1',NULL,NULL,NULL,'translate(360,40)','rect','20','30'),('MAIN','3F','box_54','P1','box P1',NULL,NULL,NULL,'translate(390,40)','rect','20','30'),('MAIN','3F','box_55','P2','box P2',NULL,NULL,NULL,'translate(420,40)','rect','20','30'),('MAIN','3F','box_56','P2','box P2',NULL,NULL,NULL,'translate(450,40)','rect','20','30'),('MAIN','3F','box_57','P2','box P2',NULL,NULL,NULL,'translate(480,40)','rect','20','30'),('MAIN','3F','box_58','P2','box P2',NULL,NULL,NULL,'translate(510,40)','rect','20','30'),('MAIN','3F','box_59','P2','box P2',NULL,NULL,NULL,'translate(540,40)','rect','20','30'),('MAIN','3F','box_6','P1','box P1',NULL,NULL,NULL,'translate(180,0)','rect','20','30'),('MAIN','3F','box_60','P2','box P2',NULL,NULL,NULL,'translate(570,40)','rect','20','30'),('MAIN','3F','box_61','P2','box P2',NULL,NULL,NULL,'translate(600,40)','rect','20','30'),('MAIN','3F','box_62','P2','box P2',NULL,NULL,NULL,'translate(630,40)','rect','20','30'),('MAIN','3F','box_63','P2','box P2',NULL,NULL,NULL,'translate(660,40)','rect','20','30'),('MAIN','3F','box_64','P2','box P2',NULL,NULL,NULL,'translate(690,40)','rect','20','30'),('MAIN','3F','box_65','P2','box P2',NULL,NULL,NULL,'translate(720,40)','rect','20','30'),('MAIN','3F','box_66','P2','box P2',NULL,NULL,NULL,'translate(750,40)','rect','20','30'),('MAIN','3F','box_67','P1','box P1',NULL,NULL,NULL,'translate(780,40)','rect','20','30'),('MAIN','3F','box_68','P1','box P1',NULL,NULL,NULL,'translate(810,40)','rect','20','30'),('MAIN','3F','box_69','P1','box P1',NULL,NULL,NULL,'translate(840,40)','rect','20','30'),('MAIN','3F','box_7','P1','box P1',NULL,NULL,NULL,'translate(210,0)','rect','20','30'),('MAIN','3F','box_70','P1','box P1',NULL,NULL,NULL,'translate(870,40)','rect','20','30'),('MAIN','3F','box_71','P1','box P1',NULL,NULL,NULL,'translate(900,40)','rect','20','30'),('MAIN','3F','box_72','P1','box P1',NULL,NULL,NULL,'translate(930,40)','rect','20','30'),('MAIN','3F','box_73','P1','box P1',NULL,NULL,NULL,'translate(960,40)','rect','20','30'),('MAIN','3F','box_74','P1','box P1',NULL,NULL,NULL,'translate(990,40)','rect','20','30'),('MAIN','3F','box_75','P1','box P1',NULL,NULL,NULL,'translate(1020,40)','rect','20','30'),('MAIN','3F','box_76','P1','box P1',NULL,NULL,NULL,'translate(1050,40)','rect','20','30'),('MAIN','3F','box_77','P1','box P1',NULL,NULL,NULL,'translate(1080,40)','rect','20','30'),('MAIN','3F','box_78','P1','box P1',NULL,NULL,NULL,'translate(1110,40)','rect','20','30'),('MAIN','3F','box_79','P1','box P1',NULL,NULL,NULL,'translate(1140,40)','rect','20','30'),('MAIN','3F','box_8','P1','box P1',NULL,NULL,NULL,'translate(240,0)','rect','20','30'),('MAIN','3F','box_80','P1','box P1',NULL,NULL,NULL,'translate(1170,40)','rect','20','30'),('MAIN','3F','box_81','P1','box P1',NULL,NULL,NULL,'translate(1200,40)','rect','20','30'),('MAIN','3F','box_82','P1','box P1',NULL,NULL,NULL,'translate(0,80)','rect','20','30'),('MAIN','3F','box_83','P1','box P1',NULL,NULL,NULL,'translate(30,80)','rect','20','30'),('MAIN','3F','box_84','P1','box P1',NULL,NULL,NULL,'translate(60,80)','rect','20','30'),('MAIN','3F','box_85','P1','box P1',NULL,NULL,NULL,'translate(90,80)','rect','20','30'),('MAIN','3F','box_86','P1','box P1',NULL,NULL,NULL,'translate(120,80)','rect','20','30'),('MAIN','3F','box_87','P1','box P1',NULL,NULL,NULL,'translate(150,80)','rect','20','30'),('MAIN','3F','box_88','P1','box P1',NULL,NULL,NULL,'translate(180,80)','rect','20','30'),('MAIN','3F','box_89','P1','box P1',NULL,NULL,NULL,'translate(210,80)','rect','20','30'),('MAIN','3F','box_9','P1','box P1',NULL,NULL,NULL,'translate(270,0)','rect','20','30'),('MAIN','3F','box_90','P1','box P1',NULL,NULL,NULL,'translate(240,80)','rect','20','30'),('MAIN','3F','box_91','P1','box P1',NULL,NULL,NULL,'translate(270,80)','rect','20','30'),('MAIN','3F','box_92','P1','box P1',NULL,NULL,NULL,'translate(300,80)','rect','20','30'),('MAIN','3F','box_93','P1','box P1',NULL,NULL,NULL,'translate(330,80)','rect','20','30'),('MAIN','3F','box_94','P1','box P1',NULL,NULL,NULL,'translate(360,80)','rect','20','30'),('MAIN','3F','box_95','P1','box P1',NULL,NULL,NULL,'translate(390,80)','rect','20','30'),('MAIN','3F','box_96','P2','box P2',NULL,NULL,NULL,'translate(420,80)','rect','20','30'),('MAIN','3F','box_97','P2','box P2',NULL,NULL,NULL,'translate(450,80)','rect','20','30'),('MAIN','3F','box_98','P2','box P2',NULL,NULL,NULL,'translate(480,80)','rect','20','30'),('MAIN','3F','box_99','P2','box P2',NULL,NULL,NULL,'translate(510,80)','rect','20','30'),('MAIN','5F','box_0','P1','box P1','test',NULL,NULL,'translate(0)','rect','20','30'),('MAIN','5F','box_1','P1','box P1',NULL,NULL,NULL,'translate(30)','rect','20','30'),('MAIN','5F','box_10','P2','box P2',NULL,NULL,NULL,'translate(390 160)','rect','20','30'),('MAIN','5F','box_100','P2','box P2',NULL,NULL,NULL,'translate(540 40)','rect','20','30'),('MAIN','5F','box_101','P2','box P2',NULL,NULL,NULL,'translate(570 40)','rect','20','30'),('MAIN','5F','box_102','P1','box P1',NULL,NULL,NULL,'translate(120)','rect','20','30'),('MAIN','5F','box_103','P2','box P2',NULL,NULL,NULL,'translate(600 40)','rect','20','30'),('MAIN','5F','box_104','P1','box P1',NULL,NULL,NULL,'translate(630 40)','rect','20','30'),('MAIN','5F','box_105','P1','box P1',NULL,NULL,NULL,'translate(750 40)','rect','20','30'),('MAIN','5F','box_106','P1','box P1',NULL,NULL,NULL,'translate(780 40)','rect','20','30'),('MAIN','5F','box_107','P1','box P1',NULL,NULL,NULL,'translate(810 40)','rect','20','30'),('MAIN','5F','box_108','P1','box P1',NULL,NULL,NULL,'translate(840 40)','rect','20','30'),('MAIN','5F','box_109','P1','box P1',NULL,NULL,NULL,'translate(870 40)','rect','20','30'),('MAIN','5F','box_11','P2','box P2',NULL,NULL,NULL,'translate(420 160)','rect','20','30'),('MAIN','5F','box_110','P1','box P1',NULL,NULL,NULL,'translate(900 40)','rect','20','30'),('MAIN','5F','box_111','P1','box P1',NULL,NULL,NULL,'translate(0 80)','rect','20','30'),('MAIN','5F','box_112','P1','box P1',NULL,NULL,NULL,'translate(30 80)','rect','20','30'),('MAIN','5F','box_113','P1','box P1',NULL,NULL,NULL,'translate(210)','rect','20','30'),('MAIN','5F','box_114','P1','box P1',NULL,NULL,NULL,'translate(60 80)','rect','20','30'),('MAIN','5F','box_115','P1','box P1',NULL,NULL,NULL,'translate(90 80)','rect','20','30'),('MAIN','5F','box_116','P1','box P1',NULL,NULL,NULL,'translate(120 80)','rect','20','30'),('MAIN','5F','box_117','P1','box P1',NULL,NULL,NULL,'translate(210 80)','rect','20','30'),('MAIN','5F','box_118','P1','box P1',NULL,NULL,NULL,'translate(240 80)','rect','20','30'),('MAIN','5F','box_119','P1','box P1',NULL,NULL,NULL,'translate(270 80)','rect','20','30'),('MAIN','5F','box_12','P2','box P2',NULL,NULL,NULL,'translate(510 160)','rect','20','30'),('MAIN','5F','box_120','P1','box P1',NULL,NULL,NULL,'translate(300 80)','rect','20','30'),('MAIN','5F','box_121','P1','box P1',NULL,NULL,NULL,'translate(330 80)','rect','20','30'),('MAIN','5F','box_122','P1','box P1',NULL,NULL,NULL,'translate(360 80)','rect','20','30'),('MAIN','5F','box_123','P2','box P2',NULL,NULL,NULL,'translate(390 80)','rect','20','30'),('MAIN','5F','box_124','P1','box P1',NULL,NULL,NULL,'translate(240)','rect','20','30'),('MAIN','5F','box_125','P2','box P2',NULL,NULL,NULL,'translate(420 80)','rect','20','30'),('MAIN','5F','box_126','P2','box P2',NULL,NULL,NULL,'translate(510 80)','rect','20','30'),('MAIN','5F','box_127','P2','box P2',NULL,NULL,NULL,'translate(540 80)','rect','20','30'),('MAIN','5F','box_128','P2','box P2',NULL,NULL,NULL,'translate(570 80)','rect','20','30'),('MAIN','5F','box_129','P2','box P2',NULL,NULL,NULL,'translate(600 80)','rect','20','30'),('MAIN','5F','box_13','P2','box P2',NULL,NULL,NULL,'translate(390)','rect','20','30'),('MAIN','5F','box_130','P1','box P1',NULL,NULL,NULL,'translate(630 80)','rect','20','30'),('MAIN','5F','box_131','P1','box P1',NULL,NULL,NULL,'translate(750 80)','rect','20','30'),('MAIN','5F','box_132','P1','box P1',NULL,NULL,NULL,'translate(780 80)','rect','20','30'),('MAIN','5F','box_133','P1','box P1',NULL,NULL,NULL,'translate(810 80)','rect','20','30'),('MAIN','5F','box_134','P1','box P1',NULL,NULL,NULL,'translate(840 80)','rect','20','30'),('MAIN','5F','box_135','P1','box P1',NULL,NULL,NULL,'translate(270)','rect','20','30'),('MAIN','5F','box_136','P1','box P1',NULL,NULL,NULL,'translate(870 80)','rect','20','30'),('MAIN','5F','box_137','P1','box P1',NULL,NULL,NULL,'translate(900 80)','rect','20','30'),('MAIN','5F','box_138','P1','box P1',NULL,NULL,NULL,'translate(0 120)','rect','20','30'),('MAIN','5F','box_139','P1','box P1',NULL,NULL,NULL,'translate(30 120)','rect','20','30'),('MAIN','5F','box_14','P2','box P2',NULL,NULL,NULL,'translate(540 160)','rect','20','30'),('MAIN','5F','box_140','P1','box P1',NULL,NULL,NULL,'translate(60 120)','rect','20','30'),('MAIN','5F','box_141','P1','box P1',NULL,NULL,NULL,'translate(90 120)','rect','20','30'),('MAIN','5F','box_142','P1','box P1',NULL,NULL,NULL,'translate(120 120)','rect','20','30'),('MAIN','5F','box_143','P2','box P2',NULL,NULL,NULL,'translate(210 120)','rect','20','30'),('MAIN','5F','box_144','P2','box P2',NULL,NULL,NULL,'translate(240 120)','rect','20','30'),('MAIN','5F','box_145','P2','box P2',NULL,NULL,NULL,'translate(270 120)','rect','20','30'),('MAIN','5F','box_146','P1','box P1',NULL,NULL,NULL,'translate(300)','rect','20','30'),('MAIN','5F','box_147','P1','box P1',NULL,NULL,NULL,'translate(300 120)','rect','20','30'),('MAIN','5F','box_148','P1','box P1',NULL,NULL,NULL,'translate(330 120)','rect','20','30'),('MAIN','5F','box_149','P4','box P4',NULL,NULL,NULL,'translate(350 115)','rect','40','40'),('MAIN','5F','box_15','P2','box P2',NULL,NULL,NULL,'translate(570 160)','rect','20','30'),('MAIN','5F','box_150','P2','box P2',NULL,NULL,NULL,'translate(390 120)','rect','20','30'),('MAIN','5F','box_151','P2','box P2',NULL,NULL,NULL,'translate(420 120)','rect','20','30'),('MAIN','5F','box_152','P2','box P2',NULL,NULL,NULL,'translate(510 120)','rect','20','30'),('MAIN','5F','box_153','P2','box P2',NULL,NULL,NULL,'translate(540 120)','rect','20','30'),('MAIN','5F','box_154','P2','box P2',NULL,NULL,NULL,'translate(570 120)','rect','20','30'),('MAIN','5F','box_155','P2','box P2',NULL,NULL,NULL,'translate(600 120)','rect','20','30'),('MAIN','5F','box_156','P1','box P1',NULL,NULL,NULL,'translate(630 120)','rect','20','30'),('MAIN','5F','box_157','P1','box P1',NULL,NULL,NULL,'translate(330)','rect','20','30'),('MAIN','5F','box_158','P1','box P1',NULL,NULL,NULL,'translate(750 120)','rect','20','30'),('MAIN','5F','box_159','P1','box P1',NULL,NULL,NULL,'translate(810 120)','rect','20','30'),('MAIN','5F','box_16','P2','box P2',NULL,NULL,NULL,'translate(600 160)','rect','20','30'),('MAIN','5F','box_160','P1','box P1',NULL,NULL,NULL,'translate(840 120)','rect','20','30'),('MAIN','5F','box_161','P1','box P1',NULL,NULL,NULL,'translate(870 120)','rect','20','30'),('MAIN','5F','box_162','P1','box P1',NULL,NULL,NULL,'translate(900 120)','rect','20','30'),('MAIN','5F','box_163','P1','box P1',NULL,NULL,NULL,'translate(0 160)','rect','20','30'),('MAIN','5F','box_164','P1','box P1',NULL,NULL,NULL,'translate(30 160)','rect','20','30'),('MAIN','5F','box_165','P1','box P1',NULL,NULL,NULL,'translate(60 160)','rect','20','30'),('MAIN','5F','box_166','P1','box P1',NULL,NULL,NULL,'translate(90 160)','rect','20','30'),('MAIN','5F','box_167','P3','box P3',NULL,NULL,NULL,'translate(780 120)','rect','20','30'),('MAIN','5F','box_168','P1','box P1',NULL,NULL,NULL,'translate(120 440)','rect','20','30'),('MAIN','5F','box_169','P2','box P2',NULL,NULL,NULL,'translate(210 440)','rect','20','30'),('MAIN','5F','box_17','P1','box P1',NULL,NULL,NULL,'translate(630 160)','rect','20','30'),('MAIN','5F','box_170','P2','box P2',NULL,NULL,NULL,'translate(240 440)','rect','20','30'),('MAIN','5F','box_171','P2','box P2',NULL,NULL,NULL,'translate(270 440)','rect','20','30'),('MAIN','5F','box_172','P1','box P1',NULL,NULL,NULL,'translate(300 440)','rect','20','30'),('MAIN','5F','box_173','P1','box P1',NULL,NULL,NULL,'translate(330 440)','rect','20','30'),('MAIN','5F','box_174','P1','box P1',NULL,NULL,NULL,'translate(360 440)','rect','20','30'),('MAIN','5F','box_175','P2','box P2',NULL,NULL,NULL,'translate(390 440)','rect','20','30'),('MAIN','5F','box_176','P2','box P2',NULL,NULL,NULL,'translate(420 440)','rect','20','30'),('MAIN','5F','box_177','P2','box P2',NULL,NULL,NULL,'translate(510 440)','rect','20','30'),('MAIN','5F','box_178','P2','box P2',NULL,NULL,NULL,'translate(540 440)','rect','20','30'),('MAIN','5F','box_179','P2','box P2',NULL,NULL,NULL,'translate(570 440)','rect','20','30'),('MAIN','5F','box_18','P1','box P1',NULL,NULL,NULL,'translate(750 160)','rect','20','30'),('MAIN','5F','box_180','P2','box P2',NULL,NULL,NULL,'translate(600 440)','rect','20','30'),('MAIN','5F','box_181','P1','box P1',NULL,NULL,NULL,'translate(630 440)','rect','20','30'),('MAIN','5F','box_182','P1','box P1',NULL,NULL,NULL,'translate(750 440)','rect','20','30'),('MAIN','5F','box_183','P1','box P1',NULL,NULL,NULL,'translate(780 440)','rect','20','30'),('MAIN','5F','box_184','P1','box P1',NULL,NULL,NULL,'translate(810 440)','rect','20','30'),('MAIN','5F','box_185','P1','box P1',NULL,NULL,NULL,'translate(840 440)','rect','20','30'),('MAIN','5F','box_186','P1','box P1',NULL,NULL,NULL,'translate(870 440)','rect','20','30'),('MAIN','5F','box_187','P1','box P1',NULL,NULL,NULL,'translate(900 440)','rect','20','30'),('MAIN','5F','box_188','P1','box P1',NULL,NULL,NULL,'translate(0 480)','rect','20','30'),('MAIN','5F','box_189','P1','box P1',NULL,NULL,NULL,'translate(30 480)','rect','20','30'),('MAIN','5F','box_19','P1','box P1',NULL,NULL,NULL,'translate(780 160)','rect','20','30'),('MAIN','5F','box_190','P1','box P1',NULL,NULL,NULL,'translate(60 480)','rect','20','30'),('MAIN','5F','box_191','P1','box P1',NULL,NULL,NULL,'translate(90 480)','rect','20','30'),('MAIN','5F','box_192','P1','box P1',NULL,NULL,NULL,'translate(120 480)','rect','20','30'),('MAIN','5F','box_193','P2','box P2',NULL,NULL,NULL,'translate(210 480)','rect','20','30'),('MAIN','5F','box_194','P2','box P2',NULL,NULL,NULL,'translate(240 480)','rect','20','30'),('MAIN','5F','box_195','P2','box P2',NULL,NULL,NULL,'translate(270 480)','rect','20','30'),('MAIN','5F','box_196','P1','box P1',NULL,NULL,NULL,'translate(300 480)','rect','20','30'),('MAIN','5F','box_197','P1','box P1',NULL,NULL,NULL,'translate(330 480)','rect','20','30'),('MAIN','5F','box_198','P1','box P1',NULL,NULL,NULL,'translate(360 480)','rect','20','30'),('MAIN','5F','box_199','P2','box P2',NULL,NULL,NULL,'translate(390 480)','rect','20','30'),('MAIN','5F','box_2','P1','box P1',NULL,NULL,NULL,'translate(360)','rect','20','30'),('MAIN','5F','box_20','P1','box P1',NULL,NULL,NULL,'translate(810 160)','rect','20','30'),('MAIN','5F','box_200','P2','box P2',NULL,NULL,NULL,'translate(420 480)','rect','20','30'),('MAIN','5F','box_201','P2','box P2',NULL,NULL,NULL,'translate(510 480)','rect','20','30'),('MAIN','5F','box_202','P2','box P2',NULL,NULL,NULL,'translate(540 480)','rect','20','30'),('MAIN','5F','box_203','P2','box P2',NULL,NULL,NULL,'translate(570 480)','rect','20','30'),('MAIN','5F','box_204','P2','box P2',NULL,NULL,NULL,'translate(600 480)','rect','20','30'),('MAIN','5F','box_205','P1','box P1',NULL,NULL,NULL,'translate(630 480)','rect','20','30'),('MAIN','5F','box_206','P1','box P1',NULL,NULL,NULL,'translate(750 480)','rect','20','30'),('MAIN','5F','box_207','P1','box P1',NULL,NULL,NULL,'translate(780 480)','rect','20','30'),('MAIN','5F','box_208','P1','box P1',NULL,NULL,NULL,'translate(810 480)','rect','20','30'),('MAIN','5F','box_209','P1','box P1',NULL,NULL,NULL,'translate(840 480)','rect','20','30'),('MAIN','5F','box_21','P1','box P1',NULL,NULL,NULL,'translate(840 160)','rect','20','30'),('MAIN','5F','box_210','P1','box P1',NULL,NULL,NULL,'translate(870 480)','rect','20','30'),('MAIN','5F','box_211','P1','box P1',NULL,NULL,NULL,'translate(900 480)','rect','20','30'),('MAIN','5F','box_212','P1','box P1',NULL,NULL,NULL,'translate(0 520)','rect','20','30'),('MAIN','5F','box_213','P1','box P1',NULL,NULL,NULL,'translate(30 520)','rect','20','30'),('MAIN','5F','box_214','P1','box P1',NULL,NULL,NULL,'translate(60 520)','rect','20','30'),('MAIN','5F','box_215','P1','box P1',NULL,NULL,NULL,'translate(90 520)','rect','20','30'),('MAIN','5F','box_216','P1','box P1',NULL,NULL,NULL,'translate(120 520)','rect','20','30'),('MAIN','5F','box_217','P1','box P1',NULL,NULL,NULL,'translate(210 520)','rect','20','30'),('MAIN','5F','box_218','P1','box P1',NULL,NULL,NULL,'translate(240 520)','rect','20','30'),('MAIN','5F','box_219','P1','box P1',NULL,NULL,NULL,'translate(270 520)','rect','20','30'),('MAIN','5F','box_22','P1','box P1',NULL,NULL,NULL,'translate(870 160)','rect','20','30'),('MAIN','5F','box_220','P1','box P1',NULL,NULL,NULL,'translate(300 520)','rect','20','30'),('MAIN','5F','box_221','P1','box P1',NULL,NULL,NULL,'translate(330 520)','rect','20','30'),('MAIN','5F','box_222','P1','box P1',NULL,NULL,NULL,'translate(360 520)','rect','20','30'),('MAIN','5F','box_223','P2','box P2',NULL,NULL,NULL,'translate(390 520)','rect','20','30'),('MAIN','5F','box_224','P2','box P2',NULL,NULL,NULL,'translate(420 520)','rect','20','30'),('MAIN','5F','box_225','P2','box P2',NULL,NULL,NULL,'translate(510 520)','rect','20','30'),('MAIN','5F','box_226','P2','box P2',NULL,NULL,NULL,'translate(540 520)','rect','20','30'),('MAIN','5F','box_227','P2','box P2',NULL,NULL,NULL,'translate(570 520)','rect','20','30'),('MAIN','5F','box_228','P2','box P2',NULL,NULL,NULL,'translate(600 520)','rect','20','30'),('MAIN','5F','box_229','P1','box P1',NULL,NULL,NULL,'translate(630 520)','rect','20','30'),('MAIN','5F','box_23','P1','box P1',NULL,NULL,NULL,'translate(900 160)','rect','20','30'),('MAIN','5F','box_230','P1','box P1',NULL,NULL,NULL,'translate(750 520)','rect','20','30'),('MAIN','5F','box_231','P1','box P1',NULL,NULL,NULL,'translate(780 520)','rect','20','30'),('MAIN','5F','box_232','P1','box P1',NULL,NULL,NULL,'translate(810 520)','rect','20','30'),('MAIN','5F','box_233','P1','box P1',NULL,NULL,NULL,'translate(840 520)','rect','20','30'),('MAIN','5F','box_234','P1','box P1',NULL,NULL,NULL,'translate(870 520)','rect','20','30'),('MAIN','5F','box_235','P1','box P1',NULL,NULL,NULL,'translate(900 520)','rect','20','30'),('MAIN','5F','box_236','P1','box P1',NULL,NULL,NULL,'translate(0 560)','rect','20','30'),('MAIN','5F','box_237','P1','box P1',NULL,NULL,NULL,'translate(30 560)','rect','20','30'),('MAIN','5F','box_238','P1','box P1',NULL,NULL,NULL,'translate(60 560)','rect','20','30'),('MAIN','5F','box_239','P1','box P1',NULL,NULL,NULL,'translate(90 560)','rect','20','30'),('MAIN','5F','box_24','P2','box P2',NULL,NULL,NULL,'translate(420)','rect','20','30'),('MAIN','5F','box_240','P1','box P1',NULL,NULL,NULL,'translate(120 560)','rect','20','30'),('MAIN','5F','box_241','P1','box P1',NULL,NULL,NULL,'translate(210 560)','rect','20','30'),('MAIN','5F','box_242','P1','box P1',NULL,NULL,NULL,'translate(240 560)','rect','20','30'),('MAIN','5F','box_243','P1','box P1',NULL,NULL,NULL,'translate(270 560)','rect','20','30'),('MAIN','5F','box_244','P1','box P1',NULL,NULL,NULL,'translate(300 560)','rect','20','30'),('MAIN','5F','box_245','P1','box P1',NULL,NULL,NULL,'translate(330 560)','rect','20','30'),('MAIN','5F','box_246','P1','box P1',NULL,NULL,NULL,'translate(360 560)','rect','20','30'),('MAIN','5F','box_247','P2','box P2',NULL,NULL,NULL,'translate(390 560)','rect','20','30'),('MAIN','5F','box_248','P2','box P2',NULL,NULL,NULL,'translate(420 560)','rect','20','30'),('MAIN','5F','box_249','P2','box P2',NULL,NULL,NULL,'translate(510 560)','rect','20','30'),('MAIN','5F','box_25','P1','box P1',NULL,NULL,NULL,'translate(0 200)','rect','20','30'),('MAIN','5F','box_250','P2','box P2',NULL,NULL,NULL,'translate(540 560)','rect','20','30'),('MAIN','5F','box_251','P2','box P2',NULL,NULL,NULL,'translate(570 560)','rect','20','30'),('MAIN','5F','box_252','P2','box P2',NULL,NULL,NULL,'translate(600 560)','rect','20','30'),('MAIN','5F','box_253','P1','box P1',NULL,NULL,NULL,'translate(630 560)','rect','20','30'),('MAIN','5F','box_254','P1','box P1',NULL,NULL,NULL,'translate(750 560)','rect','20','30'),('MAIN','5F','box_255','P1','box P1',NULL,NULL,NULL,'translate(780 560)','rect','20','30'),('MAIN','5F','box_256','P1','box P1',NULL,NULL,NULL,'translate(810 560)','rect','20','30'),('MAIN','5F','box_257','P1','box P1',NULL,NULL,NULL,'translate(840 560)','rect','20','30'),('MAIN','5F','box_258','P1','box P1',NULL,NULL,NULL,'translate(870 560)','rect','20','30'),('MAIN','5F','box_259','P1','box P1',NULL,NULL,NULL,'translate(900 560)','rect','20','30'),('MAIN','5F','box_26','P1','box P1',NULL,NULL,NULL,'translate(30 200)','rect','20','30'),('MAIN','5F','box_260','P1','box P1',NULL,NULL,NULL,'translate(0 360)','rect','20','30'),('MAIN','5F','box_261','P1','box P1',NULL,NULL,NULL,'translate(30 360)','rect','20','30'),('MAIN','5F','box_262','P1','box P1',NULL,NULL,NULL,'translate(60 360)','rect','20','30'),('MAIN','5F','box_263','P1','box P1',NULL,NULL,NULL,'translate(90 360)','rect','20','30'),('MAIN','5F','box_264','P1','box P1',NULL,NULL,NULL,'translate(120 360)','rect','20','30'),('MAIN','5F','box_265','P2','box P2',NULL,NULL,NULL,'translate(210 360)','rect','20','30'),('MAIN','5F','box_266','P2','box P2',NULL,NULL,NULL,'translate(240 360)','rect','20','30'),('MAIN','5F','box_267','P2','box P2',NULL,NULL,NULL,'translate(270 360)','rect','20','30'),('MAIN','5F','box_268','P1','box P1',NULL,NULL,NULL,'translate(300 360)','rect','20','30'),('MAIN','5F','box_269','P1','box P1',NULL,NULL,NULL,'translate(330 360)','rect','20','30'),('MAIN','5F','box_27','P1','box P1',NULL,NULL,NULL,'translate(60 200)','rect','20','30'),('MAIN','5F','box_270','P1','box P1',NULL,NULL,NULL,'translate(360 360)','rect','20','30'),('MAIN','5F','box_271','P2','box P2',NULL,NULL,NULL,'translate(390 360)','rect','20','30'),('MAIN','5F','box_272','P2','box P2',NULL,NULL,NULL,'translate(420 360)','rect','20','30'),('MAIN','5F','box_273','P2','box P2',NULL,NULL,NULL,'translate(510 360)','rect','20','30'),('MAIN','5F','box_274','P2','box P2',NULL,NULL,NULL,'translate(540 360)','rect','20','30'),('MAIN','5F','box_275','P2','box P2',NULL,NULL,NULL,'translate(570 360)','rect','20','30'),('MAIN','5F','box_276','P2','box P2',NULL,NULL,NULL,'translate(600 360)','rect','20','30'),('MAIN','5F','box_277','P1','box P1',NULL,NULL,NULL,'translate(630 360)','rect','20','30'),('MAIN','5F','box_278','P1','box P1',NULL,NULL,NULL,'translate(750 360)','rect','20','30'),('MAIN','5F','box_279','P1','box P1',NULL,NULL,NULL,'translate(780 360)','rect','20','30'),('MAIN','5F','box_28','P1','box P1',NULL,NULL,NULL,'translate(90 200)','rect','20','30'),('MAIN','5F','box_280','P1','box P1',NULL,NULL,NULL,'translate(810 360)','rect','20','30'),('MAIN','5F','box_281','P1','box P1',NULL,NULL,NULL,'translate(840 360)','rect','20','30'),('MAIN','5F','box_282','P1','box P1',NULL,NULL,NULL,'translate(870 360)','rect','20','30'),('MAIN','5F','box_283','P1','box P1',NULL,NULL,NULL,'translate(900 360)','rect','20','30'),('MAIN','5F','box_284','P1','box P1',NULL,NULL,NULL,'translate(0 400)','rect','20','30'),('MAIN','5F','box_285','P1','box P1',NULL,NULL,NULL,'translate(30 400)','rect','20','30'),('MAIN','5F','box_286','P1','box P1',NULL,NULL,NULL,'translate(60 400)','rect','20','30'),('MAIN','5F','box_287','P1','box P1',NULL,NULL,NULL,'translate(90 400)','rect','20','30'),('MAIN','5F','box_288','P1','box P1',NULL,NULL,NULL,'translate(120 400)','rect','20','30'),('MAIN','5F','box_289','P2','box P2',NULL,NULL,NULL,'translate(210 400)','rect','20','30'),('MAIN','5F','box_29','P1','box P1',NULL,NULL,NULL,'translate(120 200)','rect','20','30'),('MAIN','5F','box_290','P2','box P2',NULL,NULL,NULL,'translate(240 400)','rect','20','30'),('MAIN','5F','box_291','P2','box P2',NULL,NULL,NULL,'translate(270 400)','rect','20','30'),('MAIN','5F','box_292','P1','box P1',NULL,NULL,NULL,'translate(300 400)','rect','20','30'),('MAIN','5F','box_293','P1','box P1',NULL,NULL,NULL,'translate(330 400)','rect','20','30'),('MAIN','5F','box_294','P4','box P4',NULL,NULL,NULL,'translate(350 395)','rect','40','40'),('MAIN','5F','box_295','P2','box P2',NULL,NULL,NULL,'translate(390 400)','rect','20','30'),('MAIN','5F','box_296','P2','box P2',NULL,NULL,NULL,'translate(420 400)','rect','20','30'),('MAIN','5F','box_297','P2','box P2',NULL,NULL,NULL,'translate(510 400)','rect','20','30'),('MAIN','5F','box_298','P2','box P2',NULL,NULL,NULL,'translate(540 400)','rect','20','30'),('MAIN','5F','box_299','P2','box P2',NULL,NULL,NULL,'translate(570 400)','rect','20','30'),('MAIN','5F','box_3','P1','box P1',NULL,NULL,NULL,'translate(120 160)','rect','20','30'),('MAIN','5F','box_30','P2','box P2',NULL,NULL,NULL,'translate(210 200)','rect','20','30'),('MAIN','5F','box_300','P2','box P2',NULL,NULL,NULL,'translate(600 400)','rect','20','30'),('MAIN','5F','box_301','P1','box P1',NULL,NULL,NULL,'translate(630 400)','rect','20','30'),('MAIN','5F','box_302','P1','box P1',NULL,NULL,NULL,'translate(750 400)','rect','20','30'),('MAIN','5F','box_303','P1','box P1',NULL,NULL,NULL,'translate(810 400)','rect','20','30'),('MAIN','5F','box_304','P1','box P1',NULL,NULL,NULL,'translate(840 400)','rect','20','30'),('MAIN','5F','box_305','P1','box P1',NULL,NULL,NULL,'translate(870 400)','rect','20','30'),('MAIN','5F','box_306','P1','box P1',NULL,NULL,NULL,'translate(900 400)','rect','20','30'),('MAIN','5F','box_307','P1','box P1',NULL,NULL,NULL,'translate(0 440)','rect','20','30'),('MAIN','5F','box_308','P1','box P1',NULL,NULL,NULL,'translate(30 440)','rect','20','30'),('MAIN','5F','box_309','P1','box P1',NULL,NULL,NULL,'translate(60 440)','rect','20','30'),('MAIN','5F','box_31','P2','box P2',NULL,NULL,NULL,'translate(240 200)','rect','20','30'),('MAIN','5F','box_310','P1','box P1',NULL,NULL,NULL,'translate(90 440)','rect','20','30'),('MAIN','5F','box_311','P3','box P3',NULL,NULL,NULL,'translate(780 400)','rect','20','30'),('MAIN','5F','box_32','P2','box P2',NULL,NULL,NULL,'translate(270 200)','rect','20','30'),('MAIN','5F','box_33','P1','box P1',NULL,NULL,NULL,'translate(300 200)','rect','20','30'),('MAIN','5F','box_34','P1','box P1',NULL,NULL,NULL,'translate(330 200)','rect','20','30'),('MAIN','5F','box_35','P2','box P2',NULL,NULL,NULL,'translate(510)','rect','20','30'),('MAIN','5F','box_36','P1','box P1',NULL,NULL,NULL,'translate(360 200)','rect','20','30'),('MAIN','5F','box_37','P2','box P2',NULL,NULL,NULL,'translate(390 200)','rect','20','30'),('MAIN','5F','box_38','P2','box P2',NULL,NULL,NULL,'translate(420 200)','rect','20','30'),('MAIN','5F','box_39','P2','box P2',NULL,NULL,NULL,'translate(510 200)','rect','20','30'),('MAIN','5F','box_4','P2','box P2',NULL,NULL,NULL,'translate(210 160)','rect','20','30'),('MAIN','5F','box_40','P2','box P2',NULL,NULL,NULL,'translate(540 200)','rect','20','30'),('MAIN','5F','box_41','P2','box P2',NULL,NULL,NULL,'translate(570 200)','rect','20','30'),('MAIN','5F','box_42','P2','box P2',NULL,NULL,NULL,'translate(600 200)','rect','20','30'),('MAIN','5F','box_43','P1','box P1',NULL,NULL,NULL,'translate(630 200)','rect','20','30'),('MAIN','5F','box_44','P1','box P1',NULL,NULL,NULL,'translate(750 200)','rect','20','30'),('MAIN','5F','box_45','P1','box P1',NULL,NULL,NULL,'translate(780 200)','rect','20','30'),('MAIN','5F','box_46','P2','box P2',NULL,NULL,NULL,'translate(540)','rect','20','30'),('MAIN','5F','box_47','P1','box P1',NULL,NULL,NULL,'translate(810 200)','rect','20','30'),('MAIN','5F','box_48','P1','box P1',NULL,NULL,NULL,'translate(840 200)','rect','20','30'),('MAIN','5F','box_49','P1','box P1',NULL,NULL,NULL,'translate(870 200)','rect','20','30'),('MAIN','5F','box_5','P2','box P2',NULL,NULL,NULL,'translate(240 160)','rect','20','30'),('MAIN','5F','box_50','P1','box P1',NULL,NULL,NULL,'translate(900 200)','rect','20','30'),('MAIN','5F','box_51','P1','box P1',NULL,NULL,NULL,'translate(0 240)','rect','20','30'),('MAIN','5F','box_52','P1','box P1',NULL,NULL,NULL,'translate(30 240)','rect','20','30'),('MAIN','5F','box_53','P1','box P1',NULL,NULL,NULL,'translate(60 240)','rect','20','30'),('MAIN','5F','box_54','P1','box P1',NULL,NULL,NULL,'translate(90 240)','rect','20','30'),('MAIN','5F','box_55','P1','box P1',NULL,NULL,NULL,'translate(120 240)','rect','20','30'),('MAIN','5F','box_56','P2','box P2',NULL,NULL,NULL,'translate(210 240)','rect','20','30'),('MAIN','5F','box_57','P2','box P2',NULL,NULL,NULL,'translate(570)','rect','20','30'),('MAIN','5F','box_58','P2','box P2',NULL,NULL,NULL,'translate(240 240)','rect','20','30'),('MAIN','5F','box_59','P2','box P2',NULL,NULL,NULL,'translate(270 240)','rect','20','30'),('MAIN','5F','box_6','P2','box P2',NULL,NULL,NULL,'translate(270 160)','rect','20','30'),('MAIN','5F','box_60','P1','box P1',NULL,NULL,NULL,'translate(300 240)','rect','20','30'),('MAIN','5F','box_61','P1','box P1',NULL,NULL,NULL,'translate(330 240)','rect','20','30'),('MAIN','5F','box_62','P1','box P1',NULL,NULL,NULL,'translate(360 240)','rect','20','30'),('MAIN','5F','box_63','P2','box P2',NULL,NULL,NULL,'translate(390 240)','rect','20','30'),('MAIN','5F','box_64','P2','box P2',NULL,NULL,NULL,'translate(420 240)','rect','20','30'),('MAIN','5F','box_65','P2','box P2',NULL,NULL,NULL,'translate(510 240)','rect','20','30'),('MAIN','5F','box_66','P2','box P2',NULL,NULL,NULL,'translate(540 240)','rect','20','30'),('MAIN','5F','box_67','P2','box P2',NULL,NULL,NULL,'translate(570 240)','rect','20','30'),('MAIN','5F','box_68','P2','box P2',NULL,NULL,NULL,'translate(600)','rect','20','30'),('MAIN','5F','box_69','P2','box P2',NULL,NULL,NULL,'translate(600 240)','rect','20','30'),('MAIN','5F','box_7','P1','box P1',NULL,NULL,NULL,'translate(300 160)','rect','20','30'),('MAIN','5F','box_70','P1','box P1',NULL,NULL,NULL,'translate(630 240)','rect','20','30'),('MAIN','5F','box_71','P1','box P1',NULL,NULL,NULL,'translate(750 240)','rect','20','30'),('MAIN','5F','box_72','P1','box P1',NULL,NULL,NULL,'translate(780 240)','rect','20','30'),('MAIN','5F','box_73','P1','box P1',NULL,NULL,NULL,'translate(810 240)','rect','20','30'),('MAIN','5F','box_74','P1','box P1',NULL,NULL,NULL,'translate(840 240)','rect','20','30'),('MAIN','5F','box_75','P1','box P1',NULL,NULL,NULL,'translate(870 240)','rect','20','30'),('MAIN','5F','box_76','P1','box P1',NULL,NULL,NULL,'translate(900 240)','rect','20','30'),('MAIN','5F','box_77','P1','box P1',NULL,NULL,NULL,'translate(630)','rect','20','30'),('MAIN','5F','box_78','P1','box P1',NULL,NULL,NULL,'translate(750)','rect','20','30'),('MAIN','5F','box_79','P1','box P1',NULL,NULL,NULL,'translate(780)','rect','20','30'),('MAIN','5F','box_8','P1','box P1',NULL,NULL,NULL,'translate(330 160)','rect','20','30'),('MAIN','5F','box_80','P1','box P1',NULL,NULL,NULL,'translate(60)','rect','20','30'),('MAIN','5F','box_81','P1','box P1',NULL,NULL,NULL,'translate(810)','rect','20','30'),('MAIN','5F','box_82','P1','box P1',NULL,NULL,NULL,'translate(840)','rect','20','30'),('MAIN','5F','box_83','P1','box P1',NULL,NULL,NULL,'translate(870)','rect','20','30'),('MAIN','5F','box_84','P1','box P1',NULL,NULL,NULL,'translate(900)','rect','20','30'),('MAIN','5F','box_85','P1','box P1',NULL,NULL,NULL,'translate(0 40)','rect','20','30'),('MAIN','5F','box_86','P1','box P1',NULL,NULL,NULL,'translate(30 40)','rect','20','30'),('MAIN','5F','box_87','P1','box P1',NULL,NULL,NULL,'translate(60 40)','rect','20','30'),('MAIN','5F','box_88','P1','box P1',NULL,NULL,NULL,'translate(90 40)','rect','20','30'),('MAIN','5F','box_89','P1','box P1',NULL,NULL,NULL,'translate(120 40)','rect','20','30'),('MAIN','5F','box_9','P1','box P1',NULL,NULL,NULL,'translate(360 160)','rect','20','30'),('MAIN','5F','box_90','P1','box P1',NULL,NULL,NULL,'translate(210 40)','rect','20','30'),('MAIN','5F','box_91','P1','box P1',NULL,NULL,NULL,'translate(90)','rect','20','30'),('MAIN','5F','box_92','P1','box P1',NULL,NULL,NULL,'translate(240 40)','rect','20','30'),('MAIN','5F','box_93','P1','box P1',NULL,NULL,NULL,'translate(270 40)','rect','20','30'),('MAIN','5F','box_94','P1','box P1',NULL,NULL,NULL,'translate(300 40)','rect','20','30'),('MAIN','5F','box_95','P1','box P1',NULL,NULL,NULL,'translate(330 40)','rect','20','30'),('MAIN','5F','box_96','P1','box P1',NULL,NULL,NULL,'translate(360 40)','rect','20','30'),('MAIN','5F','box_97','P2','box P2',NULL,NULL,NULL,'translate(390 40)','rect','20','30'),('MAIN','5F','box_98','P2','box P2',NULL,NULL,NULL,'translate(420 40)','rect','20','30'),('MAIN','5F','box_99','P2','box P2',NULL,NULL,NULL,'translate(510 40)','rect','20','30');
/*!40000 ALTER TABLE `prkplce_cell_mng` ENABLE KEYS */;
UNLOCK TABLES;

--
-- Table structure for table `prkplce_flr_mng`
--

DROP TABLE IF EXISTS `prkplce_flr_mng`;
/*!40101 SET @saved_cs_client     = @@character_set_client */;
/*!40101 SET character_set_client = utf8 */;
CREATE TABLE `prkplce_flr_mng` (
  `PRKPLCE_CODE` varchar(6) NOT NULL,
  `PRKPLCE_FLR_CODE` varchar(6) NOT NULL,
  `PRKPLCE_FLR_NM` varchar(200) DEFAULT NULL,
  `DRW_PATH` varchar(200) DEFAULT NULL,
  `DRW_SIZE_WIDTH` varchar(10) DEFAULT NULL,
  `DRW_SIZE_HEIGHT` varchar(10) DEFAULT NULL,
  `SORT` int(2) DEFAULT NULL,
  `RM` varchar(200) DEFAULT NULL,
  PRIMARY KEY (`PRKPLCE_CODE`,`PRKPLCE_FLR_CODE`),
  UNIQUE KEY `PRKPLCE_FLR_MNG_PK` (`PRKPLCE_CODE`,`PRKPLCE_FLR_CODE`)
) ENGINE=InnoDB DEFAULT CHARSET=utf8;
/*!40101 SET character_set_client = @saved_cs_client */;

--
-- Dumping data for table `prkplce_flr_mng`
--

LOCK TABLES `prkplce_flr_mng` WRITE;
/*!40000 ALTER TABLE `prkplce_flr_mng` DISABLE KEYS */;
INSERT INTO `prkplce_flr_mng` VALUES ('MAIN','1F','1층',NULL,NULL,NULL,0,NULL),('MAIN','3F','3층',NULL,NULL,NULL,1,NULL),('MAIN','5F','5층',NULL,NULL,NULL,2,NULL);
/*!40000 ALTER TABLE `prkplce_flr_mng` ENABLE KEYS */;
UNLOCK TABLES;

--
-- Table structure for table `prkplce_mng`
--

DROP TABLE IF EXISTS `prkplce_mng`;
/*!40101 SET @saved_cs_client     = @@character_set_client */;
/*!40101 SET character_set_client = utf8 */;
CREATE TABLE `prkplce_mng` (
  `PRKPLCE_CODE` varchar(6) NOT NULL,
  `PRKPLCE_NM` varchar(50) DEFAULT NULL,
  `RM` varchar(200) DEFAULT NULL,
  PRIMARY KEY (`PRKPLCE_CODE`),
  UNIQUE KEY `PRKPLCE_MNG_PK` (`PRKPLCE_CODE`)
) ENGINE=InnoDB DEFAULT CHARSET=utf8;
/*!40101 SET character_set_client = @saved_cs_client */;

--
-- Dumping data for table `prkplce_mng`
--

LOCK TABLES `prkplce_mng` WRITE;
/*!40000 ALTER TABLE `prkplce_mng` DISABLE KEYS */;
INSERT INTO `prkplce_mng` VALUES ('MAIN','메인주차장','총 10층짜리 메인주차장');
/*!40000 ALTER TABLE `prkplce_mng` ENABLE KEYS */;
UNLOCK TABLES;

--
-- Table structure for table `sell_car_info`
--

DROP TABLE IF EXISTS `sell_car_info`;
/*!40101 SET @saved_cs_client     = @@character_set_client */;
/*!40101 SET character_set_client = utf8 */;
CREATE TABLE `sell_car_info` (
  `SELL_CAR_INNB` varchar(10) NOT NULL,
  `CAR_DIV` varchar(15) NOT NULL,
  `BRAND` int(9) NOT NULL,
  `SERIES` int(9) NOT NULL,
  `MODEL` int(9) DEFAULT NULL,
  `LEVEL` int(9) DEFAULT NULL,
  `MISSION` varchar(15) DEFAULT NULL,
  `FURE` varchar(15) DEFAULT NULL,
  `COLOR` varchar(15) DEFAULT NULL,
  `REGION` varchar(15) DEFAULT NULL,
  `SPOT` varchar(15) DEFAULT NULL,
  `COMPANY` varchar(15) DEFAULT NULL,
  `CC` int(5) DEFAULT NULL,
  `USED_YEAR` varchar(6) DEFAULT NULL,
  `USED_DIS` int(7) DEFAULT NULL,
  `CAR_NUM` varchar(10) NOT NULL,
  `OWNER` varchar(15) NOT NULL,
  `OWNER_PHONE` varchar(12) NOT NULL,
  `SALE_YN` varchar(1) DEFAULT NULL,
  `PRKPLCE_CODE` varchar(6) DEFAULT NULL,
  `PRKPLCE_FLR_CODE` varchar(6) DEFAULT NULL,
  `CELL_MAPNG_ID` varchar(50) DEFAULT NULL,
  `HOLD_YN` varchar(1) DEFAULT NULL,
  PRIMARY KEY (`SELL_CAR_INNB`),
  UNIQUE KEY `SELL_CAR_INFO_PK` (`SELL_CAR_INNB`)
) ENGINE=InnoDB DEFAULT CHARSET=utf8;
/*!40101 SET character_set_client = @saved_cs_client */;

--
-- Dumping data for table `sell_car_info`
--

LOCK TABLES `sell_car_info` WRITE;
/*!40000 ALTER TABLE `sell_car_info` DISABLE KEYS */;
/*!40000 ALTER TABLE `sell_car_info` ENABLE KEYS */;
UNLOCK TABLES;

--
-- Table structure for table `svg_object_info`
--

DROP TABLE IF EXISTS `svg_object_info`;
/*!40101 SET @saved_cs_client     = @@character_set_client */;
/*!40101 SET character_set_client = utf8 */;
CREATE TABLE `svg_object_info` (
  `CELL_TYPE` varchar(15) NOT NULL,
  `CELL_NM` varchar(15) DEFAULT NULL,
  `SHAPE` varchar(20) DEFAULT NULL,
  `STYLE` varchar(200) DEFAULT NULL,
  `STYLE_CLS` varchar(200) DEFAULT NULL,
  `FILL` varchar(20) DEFAULT NULL,
  `STROKE` varchar(5) DEFAULT NULL,
  `STROKE_WIDTH` varchar(5) DEFAULT NULL,
  `STROKE_DASHARRAY` varchar(20) DEFAULT NULL,
  `STROKE_LINECAP` varchar(20) DEFAULT NULL,
  `FILL_OPACITY` varchar(5) DEFAULT NULL,
  `STROKE_OPACITY` varchar(5) DEFAULT NULL,
  `CX` varchar(15) DEFAULT NULL,
  `CY` varchar(15) DEFAULT NULL,
  `RX` varchar(15) DEFAULT NULL,
  `RY` varchar(15) DEFAULT NULL,
  `R` varchar(15) DEFAULT NULL,
  `X` varchar(15) DEFAULT NULL,
  `Y` varchar(15) DEFAULT NULL,
  `X1` varchar(15) DEFAULT NULL,
  `Y1` varchar(15) DEFAULT NULL,
  `X2` varchar(15) DEFAULT NULL,
  `Y2` varchar(15) DEFAULT NULL,
  `D` varchar(500) DEFAULT NULL,
  `DX` varchar(15) DEFAULT NULL,
  `DY` varchar(15) DEFAULT NULL,
  `POINTS` varchar(200) DEFAULT NULL,
  `TRANSFORM` varchar(200) DEFAULT NULL,
  `WIDTH` varchar(10) DEFAULT NULL,
  `HEIGHT` varchar(10) DEFAULT NULL,
  PRIMARY KEY (`CELL_TYPE`),
  UNIQUE KEY `SVG_OBJECT_INFO_PK` (`CELL_TYPE`)
) ENGINE=InnoDB DEFAULT CHARSET=utf8;
/*!40101 SET character_set_client = @saved_cs_client */;

--
-- Dumping data for table `svg_object_info`
--

LOCK TABLES `svg_object_info` WRITE;
/*!40000 ALTER TABLE `svg_object_info` DISABLE KEYS */;
INSERT INTO `svg_object_info` VALUES ('P0','','rect',NULL,'box P0',NULL,NULL,NULL,NULL,NULL,NULL,NULL,NULL,NULL,NULL,NULL,NULL,NULL,NULL,NULL,NULL,NULL,NULL,NULL,NULL,NULL,NULL,'translate(0,0)','20','30'),('P1','','rect',NULL,'box P1',NULL,NULL,NULL,NULL,NULL,NULL,NULL,NULL,NULL,NULL,NULL,NULL,NULL,NULL,NULL,NULL,NULL,NULL,NULL,NULL,NULL,NULL,'translate(0,0)','20','30'),('P2','','rect',NULL,'box P2',NULL,NULL,NULL,NULL,NULL,NULL,NULL,NULL,NULL,NULL,NULL,NULL,NULL,NULL,NULL,NULL,NULL,NULL,NULL,NULL,NULL,NULL,'translate(0,0)','20','30'),('P3','','rect',NULL,'box P3',NULL,NULL,NULL,NULL,NULL,NULL,NULL,NULL,NULL,NULL,NULL,NULL,NULL,NULL,NULL,NULL,NULL,NULL,NULL,NULL,NULL,NULL,'translate(0,0)','20','30'),('P4','','rect',NULL,'box P4',NULL,NULL,NULL,NULL,NULL,NULL,NULL,NULL,NULL,NULL,NULL,NULL,NULL,NULL,NULL,NULL,NULL,NULL,NULL,NULL,NULL,NULL,'translate(0,0)','40','40');
/*!40000 ALTER TABLE `svg_object_info` ENABLE KEYS */;
UNLOCK TABLES;

--
-- Table structure for table `user_info`
--

DROP TABLE IF EXISTS `user_info`;
/*!40101 SET @saved_cs_client     = @@character_set_client */;
/*!40101 SET character_set_client = utf8 */;
CREATE TABLE `user_info` (
  `USER_ID` varchar(20) NOT NULL,
  `PASSWD` varchar(100) DEFAULT NULL,
  `EMAIL` varchar(50) DEFAULT NULL,
  `USER_AUTH` varchar(10) DEFAULT NULL,
  `USER_KIND` varchar(15) DEFAULT NULL,
  `USER_NM` varchar(15) DEFAULT NULL,
  `PHONE` varchar(12) DEFAULT NULL,
  PRIMARY KEY (`USER_ID`),
  UNIQUE KEY `USER_INFO_PK` (`USER_ID`)
) ENGINE=InnoDB DEFAULT CHARSET=utf8;
/*!40101 SET character_set_client = @saved_cs_client */;

--
-- Dumping data for table `user_info`
--

LOCK TABLES `user_info` WRITE;
/*!40000 ALTER TABLE `user_info` DISABLE KEYS */;
/*!40000 ALTER TABLE `user_info` ENABLE KEYS */;
UNLOCK TABLES;
/*!40103 SET TIME_ZONE=@OLD_TIME_ZONE */;

/*!40101 SET SQL_MODE=@OLD_SQL_MODE */;
/*!40014 SET FOREIGN_KEY_CHECKS=@OLD_FOREIGN_KEY_CHECKS */;
/*!40014 SET UNIQUE_CHECKS=@OLD_UNIQUE_CHECKS */;
/*!40101 SET CHARACTER_SET_CLIENT=@OLD_CHARACTER_SET_CLIENT */;
/*!40101 SET CHARACTER_SET_RESULTS=@OLD_CHARACTER_SET_RESULTS */;
/*!40101 SET COLLATION_CONNECTION=@OLD_COLLATION_CONNECTION */;
/*!40111 SET SQL_NOTES=@OLD_SQL_NOTES */;

-- Dump completed on 2017-03-31 17:55:34
